prospect_id,business_name,website,vertical,market,site_quality_score,site_quality_band,confidence,opportunity_score,verdict,offer,tier_reached,next_action
osm:node/357370908,Hortense T. Moss Health Center,http://www.philau.edu/healthservices/,doctor,PHL,11,broken,0.91,72,rebuild,Tier-A demo site + direct mail QR,0,Queue a site-factory brief (/mirror-and-improve)
osm:node/2581148178,Gallo Insurance Agency,https://www.galloinsuranceagency.com/,insurance,PHL,30,decayed,0.91,66,rebuild,Tier-A demo site + direct mail QR,0,Queue a site-factory brief (/mirror-and-improve)
osm:node/2635582256,Snyder Online Marketing,https://www.snyderonlinemarketing.com/,advertising-agency,PHL,32,decayed,0.91,58,rebuild,Tier-A demo site + direct mail QR,0,Queue a site-factory brief (/mirror-and-improve)
osm:node/2986118466,The Fontana Group,https://thefontanagrp.com/,accountant,PHL,71,unconfirmed,0.91,35,verify,undecided — needs a rendered audit,0,"Run Tier 1 (rendered) audit: no markup faults found, but design was never seen"
osm:node/3012244583,Trend Eye Care,https://www.trendeyecare.com/,optician,PHL,68,dated,0.91,28,polish,landing page + CRO engagement,0,"Pitch a single high-intent landing page, not a full rebuild — their site is decent"
osm:node/3103172317,Center City Veterinary Hospital,https://www.centercityvet.com/,veterinary,PHL,72,unconfirmed,0.91,49,verify,undecided — needs a rendered audit,0,"Run Tier 1 (rendered) audit: no markup faults found, but design was never seen"
osm:node/3527097893,Modern Eye,https://www.modern-eye.com/,optician,PHL,67,dated,0.91,28,polish,landing page + CRO engagement,0,"Pitch a single high-intent landing page, not a full rebuild — their site is decent"
osm:node/4124474075,"Mt. Airy Pediatrics, P.C.",https://www.mtairypediatrics.com/,doctor,PHL,11,broken,0.91,72,rebuild,Tier-A demo site + direct mail QR,0,Queue a site-factory brief (/mirror-and-improve)
osm:node/4411243629,Edelstein Martin & Nelson,https://law-pa.com/,lawyer,PHL,72,unconfirmed,0.91,34,verify,undecided — needs a rendered audit,0,"Run Tier 1 (rendered) audit: no markup faults found, but design was never seen"
osm:node/4563068267,Law Offices Of Eugene P Tinari,https://www.etinarilaw.com/,lawyer,PHL,61,dated,0.91,42,polish,landing page + CRO engagement,0,"Pitch a single high-intent landing page, not a full rebuild — their site is decent"
osm:node/4643596137,"Jeffrey S. Lichtman, LLC",https://www.socialsecuritydisabilityclaim.net/,lawyer,PHL,24,broken,0.36,63,enrich,undecided,0,Confidence 36% is too low to route. Run the Tier 1 rendered audit.
osm:node/5159389368,The Hughes Firm,https://www.philadelphiacriminallawyers.pro/,lawyer,PHL,47,decayed,0.91,49,nurture,low-cost touch only,0,Bad site but opportunity 49 < build floor 55 — not worth a build slot
osm:node/5282930817,Pearl Dental,https://www.pearldentalphilly.com/,dentist,PHL,,ungraded,0.16,84,enrich,undecided,0,"Re-audit: no usable evidence. Check the URL, then run Tier 1 (rendered) audit."
osm:node/5364574970,Scheie Eye Institute,https://www.pennmedicine.org/providers/practice/scheie-eye-institute-penn-presbyterian,clinic,PHL,48,decayed,0.91,37,nurture,low-cost touch only,0,Bad site but opportunity 37 < build floor 55 — not worth a build slot
osm:node/5394160041,Bay Property Management Group Philadelphia,https://www.baymgmtgroup.com/philadelphia/,estate-agent,PHL,75,unconfirmed,0.91,32,verify,undecided — needs a rendered audit,0,"Run Tier 1 (rendered) audit: no markup faults found, but design was never seen"
osm:node/5498624657,Fellerman & Ciarimboli,https://fellermanlaw.com/,lawyer,PHL,66,dated,0.91,38,polish,landing page + CRO engagement,0,"Pitch a single high-intent landing page, not a full rebuild — their site is decent"
osm:node/5530483280,Linc Electric Inc,https://lincelectricpa.com/,electrician,PHL,72,unconfirmed,0.91,49,verify,undecided — needs a rendered audit,0,"Run Tier 1 (rendered) audit: no markup faults found, but design was never seen"
osm:node/5574997224,Munley Law,https://munley.com/philadelphia/,lawyer,PHL,73,unconfirmed,0.91,34,verify,undecided — needs a rendered audit,0,"Run Tier 1 (rendered) audit: no markup faults found, but design was never seen"
osm:node/5887341267,Perry Milou Studios,https://perrymilou.com/,painter,PHL,58,dated,0.91,43,polish,landing page + CRO engagement,0,"Pitch a single high-intent landing page, not a full rebuild — their site is decent"
osm:node/5892433747,"CGF Insurance, Inc.",https://www.cgfinsurepa.com/,insurance,PHL,69,dated,0.91,42,polish,landing page + CRO engagement,0,"Pitch a single high-intent landing page, not a full rebuild — their site is decent"
osm:node/6489650790,Mole Street,https://molestreet.com/,advertising-agency,PHL,65,dated,0.91,38,polish,landing page + CRO engagement,0,"Pitch a single high-intent landing page, not a full rebuild — their site is decent"
osm:node/6883997584,U.S. Renal Care,https://www.usrenalcare.com/location/philadelphia/,clinic,PHL,67,dated,0.91,37,polish,landing page + CRO engagement,0,"Pitch a single high-intent landing page, not a full rebuild — their site is decent"
osm:node/7071622034,Coleman and Turner Dental Associates,https://centercitydentists.com/,dentist,PHL,69,dated,0.91,51,polish,landing page + CRO engagement,0,"Pitch a single high-intent landing page, not a full rebuild — their site is decent"
osm:node/7260570226,Dentistry for Life,https://dentistryforlife.net/,dentist,PHL,71,unconfirmed,0.91,51,verify,undecided — needs a rendered audit,0,"Run Tier 1 (rendered) audit: no markup faults found, but design was never seen"
osm:node/7865825643,"Eisenberg, Rothweiler, Winkler, Eisenberg & Jeck, P.C.",https://www.erlegal.com/,lawyer,PHL,33,decayed,0.91,58,rebuild,Tier-A demo site + direct mail QR,0,Queue a site-factory brief (/mirror-and-improve)
osm:node/8081051365,vybe urgent care,https://www.vybe.care/vybe-locations/spring-garden/,clinic,PHL,66,dated,0.91,29,polish,landing page + CRO engagement,0,"Pitch a single high-intent landing page, not a full rebuild — their site is decent"
osm:node/8222194512,Pennsylvania Commercial Collections Agency,https://mrpcollects.com/pennsylvania-commercial-collections-agency/,financial,PHL,70,unconfirmed,0.91,35,verify,undecided — needs a rendered audit,0,"Run Tier 1 (rendered) audit: no markup faults found, but design was never seen"
osm:node/9113801241,"National Real Estate Development, LLC",https://natrealestatedevelopment.com/,estate-agent,PHL,66,dated,0.91,38,polish,landing page + CRO engagement,0,"Pitch a single high-intent landing page, not a full rebuild — their site is decent"
osm:node/9165663884,myDoc Urgent Care,https://www.mydocuc.com/contact/templecampus/,doctor,PHL,49,decayed,0.91,48,nurture,low-cost touch only,0,Bad site but opportunity 48 < build floor 55 — not worth a build slot
osm:node/9492825339,UHP Wireless Networks,http://www.uhpwireless.com/,it,PHL,56,dated,0.91,45,polish,landing page + CRO engagement,0,"Pitch a single high-intent landing page, not a full rebuild — their site is decent"
osm:node/9669666608,"Jarman Sales & Service, Inc",http://jarmanairconditioning.com/,hvac,PHL,20,broken,0.91,82,rebuild,Tier-A demo site + direct mail QR,0,Queue a site-factory brief (/mirror-and-improve)
osm:node/9674338012,ZBC General Contracting,https://zbcgeneralcontracting.com/,plumber,PHL,68,dated,0.91,37,polish,landing page + CRO engagement,0,"Pitch a single high-intent landing page, not a full rebuild — their site is decent"
osm:node/9704922228,Statewide Agency,https://statewideagency.com/,insurance,PHL,64,dated,0.91,45,polish,landing page + CRO engagement,0,"Pitch a single high-intent landing page, not a full rebuild — their site is decent"
osm:node/9771948425,MG Floor Supply,https://mgfloorsupply.com/,flooring,PHL,53,dated,0.91,46,nurture,low-cost touch only,0,Bad site but opportunity 46 < build floor 55 — not worth a build slot
osm:node/9774290533,Ameen General Contractor Inc,https://ameengeneralcontracting.com/,plumber,PHL,71,unconfirmed,0.91,35,verify,undecided — needs a rendered audit,0,"Run Tier 1 (rendered) audit: no markup faults found, but design was never seen"
osm:node/9789878772,Premiere Dental of Northeast,https://www.premieredental.com/,dentist,PHL,64,dated,0.91,54,polish,landing page + CRO engagement,0,"Pitch a single high-intent landing page, not a full rebuild — their site is decent"
osm:node/10210340566,Philadelphia Injury Lawyers P.C.,https://philly-injury-law.com/,lawyer,PHL,73,unconfirmed,0.91,34,verify,undecided — needs a rendered audit,0,"Run Tier 1 (rendered) audit: no markup faults found, but design was never seen"
osm:node/10271227980,Epam,https://www.epam.com/,it,PHL,35,decayed,0.91,57,rebuild,Tier-A demo site + direct mail QR,0,Queue a site-factory brief (/mirror-and-improve)
osm:node/10541913909,Companion Pet Hospital,https://companion-pets.com/,veterinary,PHL,75,unconfirmed,0.91,48,verify,undecided — needs a rendered audit,0,"Run Tier 1 (rendered) audit: no markup faults found, but design was never seen"
osm:node/10628313488,Quinn Law Group,https://www.quinnlawyers.com/,lawyer,PHL,74,unconfirmed,0.91,32,verify,undecided — needs a rendered audit,0,"Run Tier 1 (rendered) audit: no markup faults found, but design was never seen"
osm:node/10889927861,Ohm Family Chiropractic,https://www.ohmchiropractic.com/,alternative,PHL,72,unconfirmed,0.91,34,verify,undecided — needs a rendered audit,0,"Run Tier 1 (rendered) audit: no markup faults found, but design was never seen"
osm:node/11019835699,Love City Vet,https://lovecityvet.com/,veterinary,PHL,68,dated,0.91,52,polish,landing page + CRO engagement,0,"Pitch a single high-intent landing page, not a full rebuild — their site is decent"
osm:node/11055837164,McGill & LaNoce Law Office,https://www.mcgilllanoce.com/,lawyer,PHL,51,dated,0.91,48,nurture,low-cost touch only,0,Bad site but opportunity 48 < build floor 55 — not worth a build slot
osm:node/11055837165,McGill Agency,https://www.mcgillrealtor.com/,estate-agent,PHL,54,dated,0.91,45,nurture,low-cost touch only,0,Bad site but opportunity 45 < build floor 55 — not worth a build slot
osm:node/11061539917,Rox Falls Vet,https://roxfallsvet.com/,veterinary,PHL,71,unconfirmed,0.91,51,verify,undecided — needs a rendered audit,0,"Run Tier 1 (rendered) audit: no markup faults found, but design was never seen"
osm:node/11072156856,Philadelphia Real Estate,https://philadelphiarealestateandpropertymanagement.com/,estate-agent,PHL,60,dated,0.91,42,polish,landing page + CRO engagement,0,"Pitch a single high-intent landing page, not a full rebuild — their site is decent"
osm:node/11072156873,Performance Kitchens & Home,https://www.performancekitchens.com/,kitchen,PHL,65,dated,0.91,38,polish,landing page + CRO engagement,0,"Pitch a single high-intent landing page, not a full rebuild — their site is decent"
osm:node/11076922907,Mazzoni Center,https://www.mazzonicenter.org/,clinic,PHL,65,dated,0.91,29,polish,landing page + CRO engagement,0,"Pitch a single high-intent landing page, not a full rebuild — their site is decent"
osm:node/11133380488,Razavi Dental,https://razavidental.com/,dentist,PHL,71,unconfirmed,0.91,51,verify,undecided — needs a rendered audit,0,"Run Tier 1 (rendered) audit: no markup faults found, but design was never seen"
osm:node/11250920762,BG Electric Service LLC,https://www.bgelectricservicellc.com/,electrician,PHL,33,decayed,0.91,74,rebuild,Tier-A demo site + direct mail QR,0,Queue a site-factory brief (/mirror-and-improve)
osm:node/11289505300,Easy Auto Tag & Insurance,http://www.easyautotag.com/,insurance,PHL,36,decayed,0.91,63,rebuild,Tier-A demo site + direct mail QR,0,Queue a site-factory brief (/mirror-and-improve)
osm:node/11379789127,Andorra Family Dentistry,https://www.andorradental.com/,dentist,PHL,26,broken,0.91,78,rebuild,Tier-A demo site + direct mail QR,0,Queue a site-factory brief (/mirror-and-improve)
osm:node/11379789131,Andorra Pediatrics,https://www.advocareandorrapeds.com/,doctor,PHL,,ungraded,0.16,44,enrich,undecided,0,"Re-audit: no usable evidence. Check the URL, then run Tier 1 (rendered) audit."
osm:node/11379789132,Optimum Health Chiropractic,https://www.drdawncutechiropractic.com/,alternative,PHL,70,unconfirmed,0.91,35,verify,undecided — needs a rendered audit,0,"Run Tier 1 (rendered) audit: no markup faults found, but design was never seen"
osm:node/11459689861,Presidential Holostic Dentistry,https://presidentialdentalcare.com/,dentist,PHL,72,unconfirmed,0.91,49,verify,undecided — needs a rendered audit,0,"Run Tier 1 (rendered) audit: no markup faults found, but design was never seen"
osm:node/11485677068,HKM Employment Attorneys LLP,https://hkm.com/philadelphia,lawyer,PHL,68,dated,0.91,37,polish,landing page + CRO engagement,0,"Pitch a single high-intent landing page, not a full rebuild — their site is decent"
osm:node/11508427942,Economy Drain Cleaning & Plumbing,https://www.economydrainclean.com/,plumber,PHL,75,unconfirmed,0.91,32,verify,undecided — needs a rendered audit,0,"Run Tier 1 (rendered) audit: no markup faults found, but design was never seen"
osm:node/11511911122,Friendly Tax Advisors,https://www.ftaphiladelphia.com/,tax-advisor,PHL,57,dated,0.91,43,polish,landing page + CRO engagement,0,"Pitch a single high-intent landing page, not a full rebuild — their site is decent"
osm:node/11652847101,Rosenbaum & Associates,https://www.rosenbauminjuryfirm.com/,lawyer,PHL,73,unconfirmed,0.91,34,verify,undecided — needs a rendered audit,0,"Run Tier 1 (rendered) audit: no markup faults found, but design was never seen"
osm:node/11766280247,AirMaster Heating & Cooling Specialists,https://www.airmasterpa.com/,hvac,PHL,75,unconfirmed,0.91,48,verify,undecided — needs a rendered audit,0,"Run Tier 1 (rendered) audit: no markup faults found, but design was never seen"
osm:node/11961332066,Ivy Rehab Physical Therapy,https://www.ivyrehab.com/location/philadelphia-krewstown/,physiotherapist,PHL,71,unconfirmed,0.91,31,verify,undecided — needs a rendered audit,0,"Run Tier 1 (rendered) audit: no markup faults found, but design was never seen"
osm:node/11998238298,PA Brain Doc -- Medical Marijuana Telemedicine in Pennsylvania,https://www.pabraindoc.com/locations/philadelphia,clinic,PHL,45,decayed,0.84,38,nurture,low-cost touch only,0,Bad site but opportunity 38 < build floor 55 — not worth a build slot
osm:node/12238320568,Avon Chiropractic and Injury Center,https://www.avonchiropracticpa.com/,alternative,PHL,67,dated,0.91,37,polish,landing page + CRO engagement,0,"Pitch a single high-intent landing page, not a full rebuild — their site is decent"
osm:node/12238320571,Akumin,https://akumin.com/locations/pennsylvania/grant/,doctor,PHL,65,dated,0.91,38,polish,landing page + CRO engagement,0,"Pitch a single high-intent landing page, not a full rebuild — their site is decent"
osm:node/12288899333,Pennsylvania Optometrics,https://www.pennopto.com/,optometrist,PHL,66,dated,0.91,38,polish,landing page + CRO engagement,0,"Pitch a single high-intent landing page, not a full rebuild — their site is decent"
osm:node/12362872869,Burke Plumbing & Heating,https://burkeplumbinginc.com/,plumber,PHL,73,unconfirmed,0.91,34,verify,undecided — needs a rendered audit,0,"Run Tier 1 (rendered) audit: no markup faults found, but design was never seen"
osm:node/12413134863,TM Prestige Home Cash Buyer,https://tmprestige.com/,estate-agent,PHL,33,decayed,0.91,58,rebuild,Tier-A demo site + direct mail QR,0,Queue a site-factory brief (/mirror-and-improve)
osm:node/12419892560,Six Fishes Neighborhood Acupuncture,https://sixfishes.com/,alternative,PHL,68,dated,0.91,37,polish,landing page + CRO engagement,0,"Pitch a single high-intent landing page, not a full rebuild — their site is decent"
osm:node/12581658649,PAWS Spay/Neuter & Wellness Clinic,https://phillypaws.org/locations/spay-neuter-and-wellness-clinic/,veterinary,PHL,69,dated,0.91,51,polish,landing page + CRO engagement,0,"Pitch a single high-intent landing page, not a full rebuild — their site is decent"
osm:node/12598274963,Tax Guy Kev,https://taxguykev.com/,tax-advisor,PHL,69,dated,0.91,35,polish,landing page + CRO engagement,0,"Pitch a single high-intent landing page, not a full rebuild — their site is decent"
osm:node/12601798918,Metasense Marketing,https://www.metasensemarketing.com/,advertising-agency,PHL,67,dated,0.91,37,polish,landing page + CRO engagement,0,"Pitch a single high-intent landing page, not a full rebuild — their site is decent"
osm:node/12601804311,Creative Pro Marketing,https://www.creativepromarketing.com/,advertising-agency,PHL,64,dated,0.91,38,polish,landing page + CRO engagement,0,"Pitch a single high-intent landing page, not a full rebuild — their site is decent"
osm:node/12601816126,Momentum Digital,https://needmomentum.com/,advertising-agency,PHL,70,unconfirmed,0.91,35,verify,undecided — needs a rendered audit,0,"Run Tier 1 (rendered) audit: no markup faults found, but design was never seen"
osm:node/12601817711,1DIGITAL AGENCY,https://www.1digitalagency.com/,advertising-agency,PHL,70,unconfirmed,0.91,35,verify,undecided — needs a rendered audit,0,"Run Tier 1 (rendered) audit: no markup faults found, but design was never seen"
osm:node/12601839049,Penn Creative,https://www.penn-creative.com/,advertising-agency,PHL,66,dated,0.91,38,polish,landing page + CRO engagement,0,"Pitch a single high-intent landing page, not a full rebuild — their site is decent"
osm:node/13030963397,Pet Dermatology Center,https://www.petdermphilly.com/,veterinary,PHL,68,dated,0.91,52,polish,landing page + CRO engagement,0,"Pitch a single high-intent landing page, not a full rebuild — their site is decent"
osm:node/13121254184,Dentists on Washington,https://dentistsonwashington.com/,dentist,PHL,69,dated,0.91,51,polish,landing page + CRO engagement,0,"Pitch a single high-intent landing page, not a full rebuild — their site is decent"
osm:node/13206292152,360 Dental PC,https://www.360dentalpc.com/,dentist,PHL,72,unconfirmed,0.91,49,verify,undecided — needs a rendered audit,0,"Run Tier 1 (rendered) audit: no markup faults found, but design was never seen"
osm:node/13256876175,Stump,https://stumpplants.com/bellavista,garden-centre,PHL,69,dated,0.91,35,polish,landing page + CRO engagement,0,"Pitch a single high-intent landing page, not a full rebuild — their site is decent"
osm:node/13309701028,Art City Vets,https://www.artcityvets.com/,veterinary,PHL,72,unconfirmed,0.91,37,verify,undecided — needs a rendered audit,0,"Run Tier 1 (rendered) audit: no markup faults found, but design was never seen"
osm:node/13393010369,Abundant Chiropractic,https://www.abundantchiro.com/,alternative,PHL,27,broken,0.36,62,enrich,undecided,0,Confidence 36% is too low to route. Run the Tier 1 rendered audit.
osm:node/13448045445,Summit Spine and Wellness,https://www.summitspineandwellness.com/,alternative,PHL,61,dated,0.91,42,polish,landing page + CRO engagement,0,"Pitch a single high-intent landing page, not a full rebuild — their site is decent"
osm:node/13588696144,Pennsylvania Dental Group,https://www.padentalgroup.com/,dentist,PHL,33,decayed,0.91,74,rebuild,Tier-A demo site + direct mail QR,0,Queue a site-factory brief (/mirror-and-improve)
osm:node/13665531012,Just Blessed Media,https://justblessedmarketing.com/link-3179,advertising-agency,PHL,63,dated,0.84,40,polish,landing page + CRO engagement,0,"Pitch a single high-intent landing page, not a full rebuild — their site is decent"
osm:node/13796576107,Victor's Office - VJP Services,https://vjpservices.com/,accountant,PHL,66,dated,0.91,38,polish,landing page + CRO engagement,0,"Pitch a single high-intent landing page, not a full rebuild — their site is decent"
osm:node/13812040801,Penn Hardware,https://truevalue.com/,hardware,PHL,69,dated,0.91,35,polish,landing page + CRO engagement,0,"Pitch a single high-intent landing page, not a full rebuild — their site is decent"
osm:node/13885756801,2nd Street Animal Hospital,https://2ndstreetvet.com/,veterinary,PHL,68,dated,0.91,52,polish,landing page + CRO engagement,0,"Pitch a single high-intent landing page, not a full rebuild — their site is decent"
osm:node/13885809701,Philadelphia Dental - Broad St,http://philadelphiadental.com/,dentist,PHL,67,dated,0.91,52,polish,landing page + CRO engagement,0,"Pitch a single high-intent landing page, not a full rebuild — their site is decent"
osm:node/14008385107,Panitch Schwarze Belisario & Nadel,https://www.panitchlaw.com/,lawyer,PHL,65,dated,0.91,38,polish,landing page + CRO engagement,0,"Pitch a single high-intent landing page, not a full rebuild — their site is decent"
osm:way/213271542,Oak Street Health,https://www.oakstreethealth.com/locations/philadelphia/aramingo,doctor,PHL,65,dated,0.91,38,polish,landing page + CRO engagement,0,"Pitch a single high-intent landing page, not a full rebuild — their site is decent"
osm:way/334264425,District Health Center 1,https://www.phila.gov/health/diseasecontrol/hc1.html,doctor,PHL,64,dated,0.91,38,polish,landing page + CRO engagement,0,"Pitch a single high-intent landing page, not a full rebuild — their site is decent"
osm:way/334272277,Temple Health Northeastern Campus,https://www.templehealth.org/locations/northeastern-campus-tuh,clinic,PHL,60,dated,0.91,32,polish,landing page + CRO engagement,0,"Pitch a single high-intent landing page, not a full rebuild — their site is decent"
osm:way/381320173,Roxborough Memorial Urgent Care,https://roxboroughmemorialurgentcare.com/,clinic,PHL,66,dated,0.91,38,polish,landing page + CRO engagement,0,"Pitch a single high-intent landing page, not a full rebuild — their site is decent"
osm:way/439170495,Law Offices of Dizengoff and Yost,https://www.hunteryostlaw.com/,lawyer,PHL,71,unconfirmed,0.91,35,verify,undecided — needs a rendered audit,0,"Run Tier 1 (rendered) audit: no markup faults found, but design was never seen"
osm:way/441199714,"The Mark Kachhi Law Firm, PLLC",https://www.themarkkachhilawfirm.com/,lawyer,PHL,70,unconfirmed,0.91,35,verify,undecided — needs a rendered audit,0,"Run Tier 1 (rendered) audit: no markup faults found, but design was never seen"
osm:way/462191267,Philadelphia Auto Accident Injury Attorney,https://carcrashinjuryfirm.com/philadelphia-auto-accident-injury-attorney/,lawyer,PHL,33,decayed,0.91,58,rebuild,Tier-A demo site + direct mail QR,0,Queue a site-factory brief (/mirror-and-improve)
osm:way/489611288,BCC Interactive,https://www.bccinteractive.com/,it,PHL,57,dated,0.91,43,polish,landing page + CRO engagement,0,"Pitch a single high-intent landing page, not a full rebuild — their site is decent"
osm:way/581019348,ABC Urgent Care,https://www.urgentcareabc.com/,clinic,PHL,65,dated,0.91,38,polish,landing page + CRO engagement,0,"Pitch a single high-intent landing page, not a full rebuild — their site is decent"
osm:way/642139701,Einstein Center One,https://www.jeffersonhealth.org/locations/physicians-center-one.html,clinic,PHL,61,dated,0.75,42,polish,landing page + CRO engagement,0,"Pitch a single high-intent landing page, not a full rebuild — their site is decent"
osm:way/705313714,One Water Street Apartments,https://seolocale.com/,advertising-agency,PHL,75,unconfirmed,0.91,32,verify,undecided — needs a rendered audit,0,"Run Tier 1 (rendered) audit: no markup faults found, but design was never seen"
osm:way/868174666,Four Seasons Total Landscaping,https://www.fstl1992.com/,gardener,PHL,68,dated,0.91,37,polish,landing page + CRO engagement,0,"Pitch a single high-intent landing page, not a full rebuild — their site is decent"
osm:way/975303932,Pennsylvania Medical Staffing,https://www.1stoprecruiting.com/a-top-rated-pennsylvania-medical-staffing-agency/,employment-agency,PHL,69,dated,0.91,35,polish,landing page + CRO engagement,0,"Pitch a single high-intent landing page, not a full rebuild — their site is decent"
osm:way/1011542374,PHILLY VISION CARE,https://phillyvisioncare.com/bustleton-office.html,optician,PHL,63,dated,0.91,40,polish,landing page + CRO engagement,0,"Pitch a single high-intent landing page, not a full rebuild — their site is decent"
osm:way/1125487665,Dutton Road Veterinary Clinic,http://duttonroadvetclinic.com/,veterinary,PHL,25,broken,0.91,78,rebuild,Tier-A demo site + direct mail QR,0,Queue a site-factory brief (/mirror-and-improve)
osm:way/1140077779,Insight Dental Care,https://insightdentalcare.com/,dentist,PHL,73,unconfirmed,0.91,49,verify,undecided — needs a rendered audit,0,"Run Tier 1 (rendered) audit: no markup faults found, but design was never seen"
osm:way/1235541819,Mount Airy Animal Hospital,https://mtairyvet.com/,veterinary,PHL,68,dated,0.91,52,polish,landing page + CRO engagement,0,"Pitch a single high-intent landing page, not a full rebuild — their site is decent"
osm:way/1240243392,Germantown Dental Group,http://germantowndental.us/,dentist,PHL,0,broken,1,94,rebuild,Tier-A demo site + direct mail QR,0,Queue a site-factory brief (/mirror-and-improve)
osm:node/2105968680,"Dischell, Bartle, & Dooley",https://dbdlaw.com/,lawyer,PHL,67,dated,0.91,37,polish,landing page + CRO engagement,0,"Pitch a single high-intent landing page, not a full rebuild — their site is decent"
osm:node/2106261446,"Complete Graphics, Inc.",https://complete-graphix.com/,advertising-agency,PHL,,ungraded,0.16,44,enrich,undecided,0,"Re-audit: no usable evidence. Check the URL, then run Tier 1 (rendered) audit."
osm:node/2106261468,"O'Donnell, Weiss & Mattei, P.C.",https://www.owmlaw.com/,lawyer,PHL,34,decayed,0.91,57,rebuild,Tier-A demo site + direct mail QR,0,Queue a site-factory brief (/mirror-and-improve)
osm:node/2343297227,Royersford Vet,https://royersfordvet.com/,veterinary,PHL,73,unconfirmed,0.91,49,verify,undecided — needs a rendered audit,0,"Run Tier 1 (rendered) audit: no markup faults found, but design was never seen"
osm:node/2343299186,Trooper Veterinary Hospital,https://www.troopervet.com/,veterinary,PHL,70,unconfirmed,0.91,51,verify,undecided — needs a rendered audit,0,"Run Tier 1 (rendered) audit: no markup faults found, but design was never seen"
osm:node/2641375557,CareSTAT Urgent Care,http://www.whywaitintheer.com/abington.php,doctor,PHL,45,decayed,0.91,51,nurture,low-cost touch only,0,Bad site but opportunity 51 < build floor 55 — not worth a build slot
osm:node/3814658933,"I.S. Partners, LLC",https://www.ispartnersllc.com/,it,PHL,71,unconfirmed,0.91,35,verify,undecided — needs a rendered audit,0,"Run Tier 1 (rendered) audit: no markup faults found, but design was never seen"
osm:node/3946938376,Nase Architects,https://www.nasearchitects.com/,architect,PHL,63,dated,0.91,40,polish,landing page + CRO engagement,0,"Pitch a single high-intent landing page, not a full rebuild — their site is decent"
osm:node/4525683384,"Law Offices Of Arthur R. Braitman, PLLC",https://braitmanlawllc.com/,lawyer,PHL,66,dated,0.91,38,polish,landing page + CRO engagement,0,"Pitch a single high-intent landing page, not a full rebuild — their site is decent"
osm:node/4535565106,"CoreStaff, Inc.",http://corestaffinc.com/,employment-agency,PHL,49,decayed,0.91,48,nurture,low-cost touch only,0,Bad site but opportunity 48 < build floor 55 — not worth a build slot
osm:node/4564956004,Whitemarsh Psychological Associates,https://whitemarshpsychological.com/,psychotherapist,PHL,64,dated,0.91,38,polish,landing page + CRO engagement,0,"Pitch a single high-intent landing page, not a full rebuild — their site is decent"
osm:node/4658869001,Cho Chiropractic,https://www.chochiropractic.com/chiropractic.html,doctor,PHL,68,dated,0.91,37,polish,landing page + CRO engagement,0,"Pitch a single high-intent landing page, not a full rebuild — their site is decent"
osm:node/4848554638,Baird Optical,https://www.bairdoptical.com/,optician,PHL,67,dated,0.91,37,polish,landing page + CRO engagement,0,"Pitch a single high-intent landing page, not a full rebuild — their site is decent"
osm:node/4848554642,Aqua Sport,https://www.aquasportpt.com/,physiotherapist,PHL,56,dated,0.91,45,polish,landing page + CRO engagement,0,"Pitch a single high-intent landing page, not a full rebuild — their site is decent"
osm:node/4848554652,Always Dental Care,https://www.alwaysdentalcare.com/,dentist,PHL,26,broken,0.91,78,rebuild,Tier-A demo site + direct mail QR,0,Queue a site-factory brief (/mirror-and-improve)
osm:node/5082624804,The Tile Shop,https://www.tileshop.com/store-locator/montgomeryville,doityourself,PHL,69,dated,0.91,35,polish,landing page + CRO engagement,0,"Pitch a single high-intent landing page, not a full rebuild — their site is decent"
osm:node/5168010755,Pure Smile Dentristy,https://puresmiledentistry.com/,dentist,PHL,72,unconfirmed,0.91,49,verify,undecided — needs a rendered audit,0,"Run Tier 1 (rendered) audit: no markup faults found, but design was never seen"
osm:node/5174128849,KaplunMarx,https://www.kaplunmarx.com/,lawyer,PHL,73,unconfirmed,0.91,34,verify,undecided — needs a rendered audit,0,"Run Tier 1 (rendered) audit: no markup faults found, but design was never seen"
osm:node/5219034160,Dr. Weiss's Office,https://www.orthodontists.com/,dentist,PHL,49,decayed,0.91,63,rebuild,Tier-A demo site + direct mail QR,0,Queue a site-factory brief (/mirror-and-improve)
osm:node/5263287564,Floors USA,https://www.floorsusa.com/,floorer,PHL,63,dated,0.91,40,polish,landing page + CRO engagement,0,"Pitch a single high-intent landing page, not a full rebuild — their site is decent"
osm:node/5344844131,"Lowenthal & Abrams, PC",https://lowenthalabrams.com/,lawyer,PHL,73,unconfirmed,0.91,34,verify,undecided — needs a rendered audit,0,"Run Tier 1 (rendered) audit: no markup faults found, but design was never seen"
osm:node/5711280832,Francis Martino Insurance,https://www.francismartinoinsurance.com/,insurance,PHL,68,dated,0.91,43,polish,landing page + CRO engagement,0,"Pitch a single high-intent landing page, not a full rebuild — their site is decent"
osm:node/5795137401,Acorn Landscaping,https://www.acornlandscapinginc.net/,gardener,PHL,,ungraded,0.16,44,enrich,undecided,0,"Re-audit: no usable evidence. Check the URL, then run Tier 1 (rendered) audit."
osm:node/5851252062,James W. Zerillo Law Offices,https://www.jzbankruptcy.com/,lawyer,PHL,,ungraded,0.16,44,enrich,undecided,0,"Re-audit: no usable evidence. Check the URL, then run Tier 1 (rendered) audit."
osm:node/5901068564,U.S. Realty Capital,https://www.usrealtycapital.com/,estate-agent,PHL,64,dated,0.91,38,polish,landing page + CRO engagement,0,"Pitch a single high-intent landing page, not a full rebuild — their site is decent"
osm:node/5972511285,Suburban Geriatrics,https://suburbangeriatrics.com/,doctor,PHL,72,unconfirmed,0.91,34,verify,undecided — needs a rendered audit,0,"Run Tier 1 (rendered) audit: no markup faults found, but design was never seen"
osm:node/6015089626,Toto's Heating & Cooling,https://www.totosheatingandcooling.com/,hvac,PHL,71,unconfirmed,0.91,51,verify,undecided — needs a rendered audit,0,"Run Tier 1 (rendered) audit: no markup faults found, but design was never seen"
osm:node/6115534065,Breidenbach Associates Attorney at Law,http://www.breidenbachassociates.com/,lawyer,PHL,64,dated,0.91,38,polish,landing page + CRO engagement,0,"Pitch a single high-intent landing page, not a full rebuild — their site is decent"
osm:node/6166776404,Feldman & Feldman,https://www.feldman-feldman.com/,lawyer,PHL,71,unconfirmed,0.91,35,verify,undecided — needs a rendered audit,0,"Run Tier 1 (rendered) audit: no markup faults found, but design was never seen"
osm:node/6185663253,Berks Insurance,https://www.insurancefromberks.com/,insurance,PHL,69,dated,0.91,42,polish,landing page + CRO engagement,0,"Pitch a single high-intent landing page, not a full rebuild — their site is decent"
osm:node/6270763804,"Beautiful Smile Care, PC",https://beautifulsmilecare.com/,dentist,PHL,62,dated,0.91,55,polish,landing page + CRO engagement,0,"Pitch a single high-intent landing page, not a full rebuild — their site is decent"
osm:node/6273081067,Panda Bear Pediatrics,https://www.pandabearpediatrics.com/,doctor,PHL,60,dated,0.91,42,polish,landing page + CRO engagement,0,"Pitch a single high-intent landing page, not a full rebuild — their site is decent"
osm:node/6273081068,McSurdy Orthodontics: The Smile Specialists,https://drmcsurdy.com/,dentist,PHL,70,unconfirmed,0.91,51,verify,undecided — needs a rendered audit,0,"Run Tier 1 (rendered) audit: no markup faults found, but design was never seen"
osm:node/6275755331,Phoenix Physical Therapy,https://phoenixphysicaltherapy.com/gilbertsville/,physiotherapist,PHL,70,unconfirmed,0.91,27,verify,undecided — needs a rendered audit,0,"Run Tier 1 (rendered) audit: no markup faults found, but design was never seen"
osm:node/6410783029,Cookware & More,https://www.cookwarenmore.com/,kitchen,PHL,59,dated,0.91,42,polish,landing page + CRO engagement,0,"Pitch a single high-intent landing page, not a full rebuild — their site is decent"
osm:node/6461478714,Specialty Floors Inc.,http://www.specialtyfloors.net/,floorer,PHL,0,broken,1,78,rebuild,Tier-A demo site + direct mail QR,0,Queue a site-factory brief (/mirror-and-improve)
osm:node/6541219557,Mainline Optical,https://mainlineopticalardmore.com/,optician,PHL,58,dated,0.91,43,polish,landing page + CRO engagement,0,"Pitch a single high-intent landing page, not a full rebuild — their site is decent"
osm:node/6632033969,Advanced and Elite Dentistry,https://www.collegevillefamilydentistry.com/,dentist,PHL,62,dated,0.91,55,polish,landing page + CRO engagement,0,"Pitch a single high-intent landing page, not a full rebuild — their site is decent"
osm:node/7101676346,Meetinghouse Dental Care,https://meetinghousedental.com/,dentist,PHL,60,dated,0.91,57,polish,landing page + CRO engagement,0,"Pitch a single high-intent landing page, not a full rebuild — their site is decent"
osm:node/7108532546,L.A. Pools,https://lapoolsinc.net/,swimming-pool,PHL,66,dated,0.91,38,polish,landing page + CRO engagement,0,"Pitch a single high-intent landing page, not a full rebuild — their site is decent"
osm:node/7325721354,Finesse Flooring,https://www.finesseflooringinc.com/,flooring,PHL,59,dated,0.91,42,polish,landing page + CRO engagement,0,"Pitch a single high-intent landing page, not a full rebuild — their site is decent"
osm:node/7329544154,Gibbons Fastag,https://www.gibbonsfastag.com/fastag-pennsburg,notary,PHL,65,dated,0.91,38,polish,landing page + CRO engagement,0,"Pitch a single high-intent landing page, not a full rebuild — their site is decent"
osm:node/7329757334,Red Hill Dental Office,https://www.redhilldentaloffice.com/,dentist,PHL,62,dated,0.91,55,polish,landing page + CRO engagement,0,"Pitch a single high-intent landing page, not a full rebuild — their site is decent"
osm:node/7329757339,Zuber Realty,https://www.zuberrealty.com/agents-offices/red-hill-office,estate-agent,PHL,34,decayed,0.91,57,rebuild,Tier-A demo site + direct mail QR,0,Queue a site-factory brief (/mirror-and-improve)
osm:node/7332028633,CH Robinson Tile Works,http://www.chrobinsontileworks.com/,tiler,PHL,50,dated,0.91,48,nurture,low-cost touch only,0,Bad site but opportunity 48 < build floor 55 — not worth a build slot
osm:node/7332746419,Patt Veterinary Hospital,https://www.pattvet.com/,veterinary,PHL,72,unconfirmed,0.91,49,verify,undecided — needs a rendered audit,0,"Run Tier 1 (rendered) audit: no markup faults found, but design was never seen"
osm:node/7332839157,Pivot Physical Therapy,https://www.pivotphysicaltherapy.com/locations/gilbertsville-pa/,physiotherapist,PHL,71,unconfirmed,0.91,27,verify,undecided — needs a rendered audit,0,"Run Tier 1 (rendered) audit: no markup faults found, but design was never seen"
osm:node/7335090376,Willow House Paints,https://willowhousepaints.com/,paint,PHL,64,dated,0.91,38,polish,landing page + CRO engagement,0,"Pitch a single high-intent landing page, not a full rebuild — their site is decent"
osm:node/7380715677,Chiropractic Wellness Associates,https://wellnessdrs.com/,alternative,PHL,57,dated,0.91,43,polish,landing page + CRO engagement,0,"Pitch a single high-intent landing page, not a full rebuild — their site is decent"
osm:node/7392682993,"Morrow, Tompkins, Trueblood & Lefevre, LLC",https://mttllaw.com/,lawyer,PHL,53,dated,0.91,46,nurture,low-cost touch only,0,Bad site but opportunity 46 < build floor 55 — not worth a build slot
osm:node/7392683020,Styer & Associates,https://styergroup.com/,architect,PHL,64,dated,0.91,38,polish,landing page + CRO engagement,0,"Pitch a single high-intent landing page, not a full rebuild — their site is decent"
osm:node/7392683022,Seiler & Drury,https://sdarc.com/,architect,PHL,35,decayed,0.91,57,rebuild,Tier-A demo site + direct mail QR,0,Queue a site-factory brief (/mirror-and-improve)
osm:node/7392683030,High Swartz,https://highswartz.com/,lawyer,PHL,75,unconfirmed,0.91,32,verify,undecided — needs a rendered audit,0,"Run Tier 1 (rendered) audit: no markup faults found, but design was never seen"
osm:node/7392689725,Philly Pregnancy Center,https://philapregnancycenter.com/,clinic,PHL,63,dated,0.91,40,polish,landing page + CRO engagement,0,"Pitch a single high-intent landing page, not a full rebuild — their site is decent"
osm:node/7392869820,Norristown Glass,https://www.norrostownglassco.com/,glaziery,PHL,,ungraded,0.16,44,enrich,undecided,0,"Re-audit: no usable evidence. Check the URL, then run Tier 1 (rendered) audit."
osm:node/7681107866,Abington Neurological Associates,https://www.abingtonneurology.com/,doctor,PHL,70,unconfirmed,0.91,35,verify,undecided — needs a rendered audit,0,"Run Tier 1 (rendered) audit: no markup faults found, but design was never seen"
osm:node/7856861919,"Eagle Kitchens & Design Studio, LLC",https://www.eagle-kitchens.net/home.html,kitchen,PHL,,ungraded,0.16,44,enrich,undecided,0,"Re-audit: no usable evidence. Check the URL, then run Tier 1 (rendered) audit."
osm:node/7856861922,Blue Bell Physical Therapy of Spring House,http://www.springhousept.com/,physiotherapist,PHL,45,decayed,0.91,51,nurture,low-cost touch only,0,Bad site but opportunity 51 < build floor 55 — not worth a build slot
osm:node/7866029044,Perry Health,https://www.perryhealth.us/,alternative,PHL,72,unconfirmed,0.91,34,verify,undecided — needs a rendered audit,0,"Run Tier 1 (rendered) audit: no markup faults found, but design was never seen"
osm:node/7866029045,Colmar Dentistry For Kids,https://www.colmarkids.com/,dentist,PHL,24,broken,0.91,78,rebuild,Tier-A demo site + direct mail QR,0,Queue a site-factory brief (/mirror-and-improve)
osm:node/7878690692,Ashmead Insurance,http://www.ashmeadins.com/home,insurance,PHL,71,unconfirmed,0.91,42,verify,undecided — needs a rendered audit,0,"Run Tier 1 (rendered) audit: no markup faults found, but design was never seen"
osm:node/7878690704,lansdaleplasticsurgery.com,https://lansdaleplasticsurgery.com/,doctor,PHL,66,dated,0.91,38,polish,landing page + CRO engagement,0,"Pitch a single high-intent landing page, not a full rebuild — their site is decent"
osm:node/7878690721,pafamilydentist.com,https://www.pafamilydentist.com/home,doctor,PHL,72,unconfirmed,0.91,34,verify,undecided — needs a rendered audit,0,"Run Tier 1 (rendered) audit: no markup faults found, but design was never seen"
osm:node/7878690722,mydentalhealthgroup.com,https://www.mydentalhealthgroup.com/,doctor,PHL,68,dated,0.91,37,polish,landing page + CRO engagement,0,"Pitch a single high-intent landing page, not a full rebuild — their site is decent"
osm:node/7878690729,North Penn Dental Care,https://drgovani.com/,doctor,PHL,52,dated,0.91,46,nurture,low-cost touch only,0,Bad site but opportunity 46 < build floor 55 — not worth a build slot
osm:node/7878690746,Lansdale Eye Associates,https://www.youreyeassociates.com/,doctor,PHL,71,unconfirmed,0.91,35,verify,undecided — needs a rendered audit,0,"Run Tier 1 (rendered) audit: no markup faults found, but design was never seen"
osm:node/7878953185,Sentry Property Management Inc,https://sentryproperty.net/index.htm,estate-agent,PHL,54,dated,0.91,45,nurture,low-cost touch only,0,Bad site but opportunity 45 < build floor 55 — not worth a build slot
osm:node/7878953205,LPL Financial,http://www.tartaruscapitalmanagement.com/contact,financial,PHL,34,decayed,0.91,57,rebuild,Tier-A demo site + direct mail QR,0,Queue a site-factory brief (/mirror-and-improve)
osm:node/7878953206,McMenamin & Margiotti,https://buxmontlaw.com/,lawyer,PHL,33,decayed,0.91,58,rebuild,Tier-A demo site + direct mail QR,0,Queue a site-factory brief (/mirror-and-improve)
osm:node/7878953210,Tuttle Legal,https://www.tuttlelegal.com/,lawyer,PHL,60,dated,0.91,42,polish,landing page + CRO engagement,0,"Pitch a single high-intent landing page, not a full rebuild — their site is decent"
osm:node/7878953218,"​Arnold Bierman, OD, PC",https://www.drarnoldbierman.net/,doctor,PHL,,ungraded,0.16,44,enrich,undecided,0,"Re-audit: no usable evidence. Check the URL, then run Tier 1 (rendered) audit."
osm:node/7879979466,parkdentalcolmar.com,https://parkdentalcolmar.com/,doctor,PHL,64,dated,0.91,38,polish,landing page + CRO engagement,0,"Pitch a single high-intent landing page, not a full rebuild — their site is decent"
osm:node/7879979477,North Penn Real Estate,http://northpennrealestate.com/,estate-agent,PHL,51,dated,0.91,48,nurture,low-cost touch only,0,Bad site but opportunity 48 < build floor 55 — not worth a build slot
osm:node/7879979478,Lice Clinics of America,https://liceclinicslansdale.com/,clinic,PHL,75,unconfirmed,0.91,32,verify,undecided — needs a rendered audit,0,"Run Tier 1 (rendered) audit: no markup faults found, but design was never seen"
osm:node/7879979479,THR Insurance Agency,http://www.thrinsurance.com/,insurance,PHL,43,decayed,0.91,58,rebuild,Tier-A demo site + direct mail QR,0,Queue a site-factory brief (/mirror-and-improve)
osm:node/7880147025,Rambo Orthodontics,https://www.rambo-ortho.com/,doctor,PHL,72,unconfirmed,0.91,34,verify,undecided — needs a rendered audit,0,"Run Tier 1 (rendered) audit: no markup faults found, but design was never seen"
osm:node/8177718036,Confident Smile Dental,https://www.confidentsmiledental.com/,dentist,PHL,63,dated,0.91,55,polish,landing page + CRO engagement,0,"Pitch a single high-intent landing page, not a full rebuild — their site is decent"
osm:node/8185618729,Kinetic Physical Therapy,https://www.kineticptpa.com/kinetic-physical-therapy-collegeville,physiotherapist,PHL,25,broken,0.91,63,rebuild,Tier-A demo site + direct mail QR,0,Queue a site-factory brief (/mirror-and-improve)
osm:node/8185618730,Providence Dental,https://www.providencedentalcenter.com/,dentist,PHL,64,dated,0.91,54,polish,landing page + CRO engagement,0,"Pitch a single high-intent landing page, not a full rebuild — their site is decent"
osm:node/8185618765,Options Medical Weight Loss,https://optionsmedicalweightloss.com/locations/pennsylvania/collegeville/,clinic,PHL,71,unconfirmed,0.91,35,verify,undecided — needs a rendered audit,0,"Run Tier 1 (rendered) audit: no markup faults found, but design was never seen"
osm:node/8510311628,Caballero's Inc.,https://caballerospainting.com/,painter,PHL,,ungraded,0.16,44,enrich,undecided,0,"Re-audit: no usable evidence. Check the URL, then run Tier 1 (rendered) audit."
osm:node/8796669043,"Platinum Plumbing & Heating, Inc.",https://www.platinumplumbingpa.com/,hvac,PHL,70,unconfirmed,0.91,51,verify,undecided — needs a rendered audit,0,"Run Tier 1 (rendered) audit: no markup faults found, but design was never seen"
osm:node/9030173914,Ridge Pike Dental Care,https://www.ridgepikedentalcare.com/,dentist,PHL,72,unconfirmed,0.91,49,verify,undecided — needs a rendered audit,0,"Run Tier 1 (rendered) audit: no markup faults found, but design was never seen"
osm:node/9030173915,Eye To Eye Vision,https://www.eyetoeyevisionpa.com/,optician,PHL,71,unconfirmed,0.91,35,verify,undecided — needs a rendered audit,0,"Run Tier 1 (rendered) audit: no markup faults found, but design was never seen"
osm:node/9528375811,Gehman Chiropractic Office,https://www.drdongehmanchiro.com/,alternative,PHL,,ungraded,0.16,44,enrich,undecided,0,"Re-audit: no usable evidence. Check the URL, then run Tier 1 (rendered) audit."
osm:node/9567521422,Raymond James-The Page Group,http://www.pagegrouprja.com/,financial-advisor,PHL,20,broken,0.26,66,enrich,undecided,0,Confidence 26% is too low to route. Run the Tier 1 rendered audit.
osm:node/9642925643,Terese Brittingham,https://www.kwseven.com/,estate-agent,PHL,67,dated,0.91,37,polish,landing page + CRO engagement,0,"Pitch a single high-intent landing page, not a full rebuild — their site is decent"
osm:node/10044105522,StarkMD Plastic Surgery & Aesthetic Center,https://www.starkmdplasticsurgery.com/,clinic,PHL,63,dated,0.91,40,polish,landing page + CRO engagement,0,"Pitch a single high-intent landing page, not a full rebuild — their site is decent"
osm:node/10055741347,Claytor Noone Plastic Surgery: Dr. R. Brannon Claytor,https://www.cnplasticsurgery.com/,clinic,PHL,73,unconfirmed,0.91,34,verify,undecided — needs a rendered audit,0,"Run Tier 1 (rendered) audit: no markup faults found, but design was never seen"
osm:node/10269130730,Marini Family Chiropractic,https://www.marinichiroanded.com/,alternative,PHL,,ungraded,0.16,44,enrich,undecided,0,"Re-audit: no usable evidence. Check the URL, then run Tier 1 (rendered) audit."
osm:node/10578205814,Charles Cohen Plumbing and Heating,https://charlescohenplumbingandheating.com/,plumber,PHL,,ungraded,0.16,44,enrich,undecided,0,"Re-audit: no usable evidence. Check the URL, then run Tier 1 (rendered) audit."
osm:node/10731762253,Stowe Medical Group,https://www.pmsiforlife.com/stowe-medical-group,clinic,PHL,65,dated,0.91,38,polish,landing page + CRO engagement,0,"Pitch a single high-intent landing page, not a full rebuild — their site is decent"
osm:node/10781495487,H&M Tax Service,https://hmtaxes.com/,accountant,PHL,60,dated,0.91,42,polish,landing page + CRO engagement,0,"Pitch a single high-intent landing page, not a full rebuild — their site is decent"
osm:node/10974561758,Wynnewood Eyecare,https://www.wynnewoodeyecare.com/,optometrist,PHL,23,broken,0.91,65,rebuild,Tier-A demo site + direct mail QR,0,Queue a site-factory brief (/mirror-and-improve)
osm:node/10991134923,See la Vie,https://www.seelavieeyecare.com/,optician,PHL,62,dated,0.91,40,polish,landing page + CRO engagement,0,"Pitch a single high-intent landing page, not a full rebuild — their site is decent"
osm:node/11004526768,Fazio Tag Service,https://faziotagservice.com/,notary,PHL,71,unconfirmed,0.91,35,verify,undecided — needs a rendered audit,0,"Run Tier 1 (rendered) audit: no markup faults found, but design was never seen"
osm:node/11079677912,Terracon Consultants Inc,https://www.terracon.com/,engineer,PHL,67,dated,0.91,37,polish,landing page + CRO engagement,0,"Pitch a single high-intent landing page, not a full rebuild — their site is decent"
osm:node/11080940669,Smile Culture Dental,https://smileculture.com/huntingdon-valley/,dentist,PHL,55,dated,0.91,60,rebuild,Tier-A demo site + direct mail QR,0,Queue a site-factory brief (/mirror-and-improve)
osm:node/11080940681,Axiva,https://axiva.com/,clinic,PHL,69,dated,0.91,35,polish,landing page + CRO engagement,0,"Pitch a single high-intent landing page, not a full rebuild — their site is decent"
osm:node/11251910536,Justa Farm Dental Esthetics,https://www.justafarmdental.com/,dentist,PHL,73,unconfirmed,0.91,49,verify,undecided — needs a rendered audit,0,"Run Tier 1 (rendered) audit: no markup faults found, but design was never seen"
osm:node/11473895657,The Dental Spot,https://www.thedentalspotpa.com/,dentist,PHL,72,unconfirmed,0.91,49,verify,undecided — needs a rendered audit,0,"Run Tier 1 (rendered) audit: no markup faults found, but design was never seen"
osm:node/11473895660,Collegeville Internal Medicine,https://towerhealth.org/locations/tower-health-medical-group-internal-medicine-collegeville,doctor,PHL,68,dated,0.91,28,polish,landing page + CRO engagement,0,"Pitch a single high-intent landing page, not a full rebuild — their site is decent"
osm:node/11473895662,Village Optical,https://villageopticalonline.com/,optician,PHL,68,dated,0.91,37,polish,landing page + CRO engagement,0,"Pitch a single high-intent landing page, not a full rebuild — their site is decent"
osm:node/11474139871,Beem Light Sauna,https://www.beemlightsauna.com/location/collegeville,clinic,PHL,63,dated,0.91,40,polish,landing page + CRO engagement,0,"Pitch a single high-intent landing page, not a full rebuild — their site is decent"
osm:node/11474139874,Be Balanced Hormone Weight Loss Centers,https://bebalancedcenters.com/location/collegeville/,alternative,PHL,32,decayed,0.91,58,rebuild,Tier-A demo site + direct mail QR,0,Queue a site-factory brief (/mirror-and-improve)
osm:node/11553646379,TAF JK Group,https://tafjkgroup.com/,advertising-agency,PHL,64,dated,0.91,38,polish,landing page + CRO engagement,0,"Pitch a single high-intent landing page, not a full rebuild — their site is decent"
osm:node/11554728400,Daschbach & Associates,https://thesmilist.com/souderton-dentist/,dentist,PHL,32,decayed,0.91,54,nurture,low-cost touch only,0,Bad site but opportunity 54 < build floor 55 — not worth a build slot
osm:node/11578535145,Plastic Surgery Solutions,https://plasticsurgerysolutions.com/,doctor,PHL,33,decayed,0.91,58,rebuild,Tier-A demo site + direct mail QR,0,Queue a site-factory brief (/mirror-and-improve)
osm:node/11582727169,See,https://seeeyewear.com/pages/pennsylvania-ardmore-suburban-square,optician,PHL,71,unconfirmed,0.91,35,verify,undecided — needs a rendered audit,0,"Run Tier 1 (rendered) audit: no markup faults found, but design was never seen"
osm:node/11814789796,Custom IT Solutions,https://customitsolutions.com/,it,PHL,33,decayed,0.91,58,rebuild,Tier-A demo site + direct mail QR,0,Queue a site-factory brief (/mirror-and-improve)
osm:node/11816168128,Ember Dental Arts,https://www.emberdentalarts.com/,dentist,PHL,66,dated,0.91,54,polish,landing page + CRO engagement,0,"Pitch a single high-intent landing page, not a full rebuild — their site is decent"
osm:node/11843327582,WJA Landscaping,https://www.wjalandscaping.com/,gardener,PHL,33,decayed,0.91,58,rebuild,Tier-A demo site + direct mail QR,0,Queue a site-factory brief (/mirror-and-improve)
osm:node/11854060103,Broker Resource Center,https://brokerresourcecenterpa.com/,insurance,PHL,,ungraded,0.16,60,enrich,undecided,0,"Re-audit: no usable evidence. Check the URL, then run Tier 1 (rendered) audit."
osm:node/12020291143,Live Urgent Care,https://liveurgentcare.com/locations/kingofprussia/,clinic,PHL,32,decayed,0.91,58,rebuild,Tier-A demo site + direct mail QR,0,Queue a site-factory brief (/mirror-and-improve)
osm:node/12109962574,G. Cannon Roofing & Siding,https://gcannon.com/,roofer,PHL,73,unconfirmed,0.91,34,verify,undecided — needs a rendered audit,0,"Run Tier 1 (rendered) audit: no markup faults found, but design was never seen"
osm:node/12205239363,Pottsgrove Animal Hospital,https://www.thepottsgroveanimalhospital.com/,veterinary,PHL,70,unconfirmed,0.91,51,verify,undecided — needs a rendered audit,0,"Run Tier 1 (rendered) audit: no markup faults found, but design was never seen"
osm:node/12205239384,Married to Electric,https://www.married2electric.com/?utm_source=gmb&utm_medium=organic,electrician,PHL,72,unconfirmed,0.91,49,verify,undecided — needs a rendered audit,0,"Run Tier 1 (rendered) audit: no markup faults found, but design was never seen"
osm:node/12205301939,L A Verruni Landscaping,http://www.verrunilandscaping.com/,gardener,PHL,25,broken,0.91,63,rebuild,Tier-A demo site + direct mail QR,0,Queue a site-factory brief (/mirror-and-improve)
osm:node/12318537917,Lower Merion Pediatric Dentistry,https://www.lowermerionpediatricdentistry.com/,dentist,PHL,63,dated,0.91,55,polish,landing page + CRO engagement,0,"Pitch a single high-intent landing page, not a full rebuild — their site is decent"
osm:node/12378631203,Lime Tree Counseling,https://limetreecounseling.com/,psychotherapist,PHL,73,unconfirmed,0.91,34,verify,undecided — needs a rendered audit,0,"Run Tier 1 (rendered) audit: no markup faults found, but design was never seen"
osm:node/13149598482,Uncommon Roofing and Siding,https://www.uncommonroofing.com/,roofer,PHL,43,decayed,0.75,52,nurture,low-cost touch only,0,Bad site but opportunity 52 < build floor 55 — not worth a build slot
osm:node/13233480556,Cottman Animal Hospital,https://cottmanah.com/,veterinary,PHL,73,unconfirmed,0.91,49,verify,undecided — needs a rendered audit,0,"Run Tier 1 (rendered) audit: no markup faults found, but design was never seen"
osm:node/13241670800,Reliable Plumbing & Drain Cleaning,http://www.reliableplumbingpa.com/,plumber,PHL,69,dated,0.91,35,polish,landing page + CRO engagement,0,"Pitch a single high-intent landing page, not a full rebuild — their site is decent"
osm:node/13241677260,JL Alliance Group,https://jlalliancegroup.com/,insurance,PHL,64,dated,0.91,45,polish,landing page + CRO engagement,0,"Pitch a single high-intent landing page, not a full rebuild — their site is decent"
osm:node/13271477303,Skippack Village Dentistry,https://www.skippackvillagedentistry.com/,dentist,PHL,68,dated,0.91,52,polish,landing page + CRO engagement,0,"Pitch a single high-intent landing page, not a full rebuild — their site is decent"
osm:node/13382035150,Hydrate2O,https://hydrateiv.com/?utm_source=google&utm_medium=wix_google_business_profile&utm_campaign=10378927689473880412,alternative,PHL,71,unconfirmed,0.91,35,verify,undecided — needs a rendered audit,0,"Run Tier 1 (rendered) audit: no markup faults found, but design was never seen"
osm:node/13388684999,Adams Spinal Center,https://adamsspinalcenter.com/,alternative,PHL,72,unconfirmed,0.91,34,verify,undecided — needs a rendered audit,0,"Run Tier 1 (rendered) audit: no markup faults found, but design was never seen"
osm:node/13428856789,America's Best,https://www.americasbest.com/location/pa/east-norriton/northtowne-plaza-shopping-center/,optician,PHL,70,unconfirmed,0.91,35,verify,undecided — needs a rendered audit,0,"Run Tier 1 (rendered) audit: no markup faults found, but design was never seen"
osm:node/13460356826,Pennsylvania Oral Surgery & Dental Implant Center,https://www.paoms.com/plymouth-meeting,dentist,PHL,,ungraded,0.16,44,enrich,undecided,0,"Re-audit: no usable evidence. Check the URL, then run Tier 1 (rendered) audit."
osm:node/13460356827,Nissman Eye Associates,https://nissmaneye.com/,optometrist,PHL,68,dated,0.91,37,polish,landing page + CRO engagement,0,"Pitch a single high-intent landing page, not a full rebuild — their site is decent"
osm:node/13475246558,Dr Niraj Patel,https://www.pottstownchiropractor.com/,alternative,PHL,74,unconfirmed,0.91,32,verify,undecided — needs a rendered audit,0,"Run Tier 1 (rendered) audit: no markup faults found, but design was never seen"
osm:node/13596263180,Plymouth Meeting Dental Associates,https://www.plymouthmeetingdentist.com/,dentist,PHL,70,unconfirmed,0.91,51,verify,undecided — needs a rendered audit,0,"Run Tier 1 (rendered) audit: no markup faults found, but design was never seen"
osm:node/13641272703,Joyland Roofing & Exteriors,https://joylandroofing.com/about-us/service-areas/montgomery-county,roofer,PHL,72,unconfirmed,0.91,34,verify,undecided — needs a rendered audit,0,"Run Tier 1 (rendered) audit: no markup faults found, but design was never seen"
osm:node/13807005601,Tesla Hardfloor,https://teslahardwoodfloor.com/,flooring,PHL,68,dated,0.91,37,polish,landing page + CRO engagement,0,"Pitch a single high-intent landing page, not a full rebuild — their site is decent"
osm:node/13920705246,Chelsvig Electric,https://chelsvigelectric.com/,electrician,PHL,61,dated,0.91,57,polish,landing page + CRO engagement,0,"Pitch a single high-intent landing page, not a full rebuild — their site is decent"
osm:node/13953482845,Berri Healthy,https://www.berrihealthy.net/,alternative,PHL,54,dated,0.91,45,nurture,low-cost touch only,0,Bad site but opportunity 45 < build floor 55 — not worth a build slot
osm:node/14017755835,D&B Construction Group,https://dbconstructiongrp.com/,trade,PHL,69,dated,0.91,35,polish,landing page + CRO engagement,0,"Pitch a single high-intent landing page, not a full rebuild — their site is decent"
osm:node/14030286495,The WisdomTree Group,https://twgarchitecture.com/,architect,PHL,73,unconfirmed,0.91,34,verify,undecided — needs a rendered audit,0,"Run Tier 1 (rendered) audit: no markup faults found, but design was never seen"
osm:way/162281402,Floral and Hardy,https://floralandhardyofskippack.com/,garden-centre,PHL,33,decayed,0.91,58,rebuild,Tier-A demo site + direct mail QR,0,Queue a site-factory brief (/mirror-and-improve)
osm:way/225290026,The Restaurant Store,https://www.therestaurantstore.com/stores/Plymouth-Meeting,kitchen,PHL,35,decayed,0.91,57,rebuild,Tier-A demo site + direct mail QR,0,Queue a site-factory brief (/mirror-and-improve)
osm:way/227656203,Holod's True Value,https://stores.truevalue.com/pa/lafayette-hill/6819/,hardware,PHL,65,dated,0.91,38,polish,landing page + CRO engagement,0,"Pitch a single high-intent landing page, not a full rebuild — their site is decent"
osm:way/296116751,NovaCare,https://www.novacare.com/contact/find-a-location/pa/conshohocken/conshohocken/?ty=xt,clinic,PHL,35,decayed,0.91,57,rebuild,Tier-A demo site + direct mail QR,0,Queue a site-factory brief (/mirror-and-improve)
osm:way/372520456,"Lundy, Beldecos & Milby P.C.",https://www.lbmlaw.com/,lawyer,PHL,68,dated,0.91,37,polish,landing page + CRO engagement,0,"Pitch a single high-intent landing page, not a full rebuild — their site is decent"
osm:way/372593404,"Duffy Real Estate, Inc.",https://www.duffyrealestate.com/,estate-agent,PHL,39,decayed,0.91,40,nurture,low-cost touch only,0,Bad site but opportunity 40 < build floor 55 — not worth a build slot
osm:way/374158539,Plymouth Animal Hospital,https://www.plymouthanimal.com/,veterinary,PHL,67,dated,0.91,52,polish,landing page + CRO engagement,0,"Pitch a single high-intent landing page, not a full rebuild — their site is decent"
osm:way/507545245,UrgentVet,https://urgentvet.com/location/pottstown-pa/,veterinary,PHL,70,unconfirmed,0.91,51,verify,undecided — needs a rendered audit,0,"Run Tier 1 (rendered) audit: no markup faults found, but design was never seen"
osm:way/526917125,Sal's Nursery & Landscaping,https://salsnursery.com/,garden-centre,PHL,69,dated,0.91,35,polish,landing page + CRO engagement,0,"Pitch a single high-intent landing page, not a full rebuild — their site is decent"
osm:way/541055956,Delphi Supply,https://www.delphisupply.com/,hardware,PHL,69,dated,0.91,35,polish,landing page + CRO engagement,0,"Pitch a single high-intent landing page, not a full rebuild — their site is decent"
osm:way/566753567,Glocker and Co. Inc. Realtors,https://www.glocker.com/,estate-agent,PHL,21,broken,0.91,66,rebuild,Tier-A demo site + direct mail QR,0,Queue a site-factory brief (/mirror-and-improve)
osm:way/576108772,patientfirst.com,https://www.patientfirst.com/locations/eastern-pennsylvania/abington,clinic,PHL,75,unconfirmed,0.91,32,verify,undecided — needs a rendered audit,0,"Run Tier 1 (rendered) audit: no markup faults found, but design was never seen"
osm:way/605883867,Udis & Conn Orthodontics,http://www.udisandconnorthodontics.com/,dentist,PHL,0,broken,1,94,rebuild,Tier-A demo site + direct mail QR,0,Queue a site-factory brief (/mirror-and-improve)
osm:way/648961577,KCBA Architects,https://www.kcba-architects.com/contact/,architect,PHL,69,dated,0.91,35,polish,landing page + CRO engagement,0,"Pitch a single high-intent landing page, not a full rebuild — their site is decent"
osm:way/668372198,A. D. Lumber and Hardware,https://www.admoyer.com/,hardware,PHL,61,dated,0.91,32,polish,landing page + CRO engagement,0,"Pitch a single high-intent landing page, not a full rebuild — their site is decent"
osm:way/670360359,Boyertown Eye Care,https://www.boyertowneyedoctor.com/,optometrist,PHL,69,dated,0.91,35,polish,landing page + CRO engagement,0,"Pitch a single high-intent landing page, not a full rebuild — their site is decent"
osm:way/670360362,Kelly Real Estate,https://www.gokellyrealestate.com/,estate-agent,PHL,66,dated,0.91,38,polish,landing page + CRO engagement,0,"Pitch a single high-intent landing page, not a full rebuild — their site is decent"
osm:way/670360364,Main Street Financial Partners,https://www.mainstreetfinancialpartners.com/,insurance,PHL,71,unconfirmed,0.91,42,verify,undecided — needs a rendered audit,0,"Run Tier 1 (rendered) audit: no markup faults found, but design was never seen"
osm:way/670365452,American Dental Solutions,https://americandentalsolutions.net/,dentist,PHL,70,unconfirmed,0.91,51,verify,undecided — needs a rendered audit,0,"Run Tier 1 (rendered) audit: no markup faults found, but design was never seen"
osm:way/693116864,Ringpfeil Advanced Dermatology,https://www.ringpfeildermatology.com/,doctor,PHL,70,unconfirmed,0.91,35,verify,undecided — needs a rendered audit,0,"Run Tier 1 (rendered) audit: no markup faults found, but design was never seen"
osm:way/759043887,Chestnut Hill Animal Hospital,http://chestnuthillvet.com/,veterinary,PHL,32,decayed,0.91,74,rebuild,Tier-A demo site + direct mail QR,0,Queue a site-factory brief (/mirror-and-improve)
osm:way/761851590,County Line Veterinary Hospital,https://www.warminsterhorshamvet.com/,veterinary,PHL,33,decayed,0.91,74,rebuild,Tier-A demo site + direct mail QR,0,Queue a site-factory brief (/mirror-and-improve)
osm:way/762514558,Horsham Dental Care,https://www.horshamdentalcare.com/,dentist,PHL,68,dated,0.91,52,polish,landing page + CRO engagement,0,"Pitch a single high-intent landing page, not a full rebuild — their site is decent"
osm:way/878780808,Eye Consultants of Pennsylvania,https://www.eyeconsultantsofpa.com/locations/pottstown-office,optometrist,PHL,62,dated,0.91,40,polish,landing page + CRO engagement,0,"Pitch a single high-intent landing page, not a full rebuild — their site is decent"
osm:way/905188531,Harleysville Veterinary Hospital,https://www.harleysvillevet.com/,veterinary,PHL,59,dated,0.91,57,polish,landing page + CRO engagement,0,"Pitch a single high-intent landing page, not a full rebuild — their site is decent"
osm:way/914008915,For Eyes,https://locations.foreyes.com/pa/plymouth-meeting/459-west-germantown-pike.html,optician,PHL,64,dated,0.91,38,polish,landing page + CRO engagement,0,"Pitch a single high-intent landing page, not a full rebuild — their site is decent"
osm:way/918925962,Hickory Veterinary Hospital,https://www.hickoryvet.com/,veterinary,PHL,69,dated,0.91,51,polish,landing page + CRO engagement,0,"Pitch a single high-intent landing page, not a full rebuild — their site is decent"
osm:way/1034593522,Salter's Fireplace & Outdoor Living,https://saltersfireplace.com/,fireplace,PHL,33,decayed,0.91,58,rebuild,Tier-A demo site + direct mail QR,0,Queue a site-factory brief (/mirror-and-improve)
osm:way/1066813152,ACCU Staffing Services,https://accustaffing.com/job-center/lansdale-pa/,employment-agency,PHL,73,unconfirmed,0.91,34,verify,undecided — needs a rendered audit,0,"Run Tier 1 (rendered) audit: no markup faults found, but design was never seen"
osm:way/1104516003,Avalon Flooring,https://www.avalonflooring.com/a/store-locator/king-of-prussia-pa.html,flooring,PHL,68,dated,0.91,37,polish,landing page + CRO engagement,0,"Pitch a single high-intent landing page, not a full rebuild — their site is decent"
osm:way/1127839514,Martins Mill Legal Center LLC,https://martinsmilllegal.net/,lawyer,PHL,49,decayed,0.91,48,nurture,low-cost touch only,0,Bad site but opportunity 48 < build floor 55 — not worth a build slot
osm:way/1153025731,Eagle Pool & Spa,https://eaglepoolspa.com/,swimming-pool,PHL,69,dated,0.91,35,polish,landing page + CRO engagement,0,"Pitch a single high-intent landing page, not a full rebuild — their site is decent"
osm:way/1279538559,"Comprehensive Chiropractic & Rehab, Inc.",https://drmikecheng.com/,alternative,PHL,70,unconfirmed,0.91,35,verify,undecided — needs a rendered audit,0,"Run Tier 1 (rendered) audit: no markup faults found, but design was never seen"
osm:way/1287274987,Lewis Paint & Wallcovering,https://www.lewispaintstore.com/,paint,PHL,,ungraded,0.16,44,enrich,undecided,0,"Re-audit: no usable evidence. Check the URL, then run Tier 1 (rendered) audit."
osm:way/1287796240,Luke Miller – Moments Real Estate,https://www.moments.realestate/about/Luke-Miller,estate-agent,PHL,50,dated,0.91,48,nurture,low-cost touch only,0,Bad site but opportunity 48 < build floor 55 — not worth a build slot
osm:way/1321852057,Herb Real Estate,https://www.herbrealestate.com/,estate-agent,PHL,66,dated,0.91,38,polish,landing page + CRO engagement,0,"Pitch a single high-intent landing page, not a full rebuild — their site is decent"
osm:way/1322594591,"The Accounting Offices of John H. Griesemer, Jr.",http://www.griesemerjrpa.com/,accountant,PHL,45,decayed,0.26,51,enrich,undecided,0,Confidence 26% is too low to route. Run the Tier 1 rendered audit.
osm:way/1375429057,Primex Garden Center,https://primexgardencenter.com/,garden-centre,PHL,74,unconfirmed,0.91,32,verify,undecided — needs a rendered audit,0,"Run Tier 1 (rendered) audit: no markup faults found, but design was never seen"
osm:way/1509359122,"J-Pro, Inc.",https://www.j-propools.com/,swimming-pool,PHL,35,decayed,0.91,57,rebuild,Tier-A demo site + direct mail QR,0,Queue a site-factory brief (/mirror-and-improve)
osm:node/3834784521,VerifyProtect.com,https://www.verifyprotect.com/,employment-agency,PHL,58,dated,0.91,43,polish,landing page + CRO engagement,0,"Pitch a single high-intent landing page, not a full rebuild — their site is decent"
osm:node/3942871056,Fletcher Masonry,http://fletchermasonry.biz/,stonemason,PHL,0,broken,1,78,rebuild,Tier-A demo site + direct mail QR,0,Queue a site-factory brief (/mirror-and-improve)
osm:node/4067114708,Wm. Henderson Plumbing & Heating Inc.,https://www.wmhendersoninc.com/,hvac,PHL,72,unconfirmed,0.91,49,verify,undecided — needs a rendered audit,0,"Run Tier 1 (rendered) audit: no markup faults found, but design was never seen"
osm:node/4625372291,P & C Insurance Agency LLC,http://www.pandcinsuranceagency.com/,insurance,PHL,0,broken,1,85,rebuild,Tier-A demo site + direct mail QR,0,Queue a site-factory brief (/mirror-and-improve)
osm:node/4788773566,Jonathan Stone D.M.D,https://drstonedentistry.com/,dentist,PHL,61,dated,0.91,57,polish,landing page + CRO engagement,0,"Pitch a single high-intent landing page, not a full rebuild — their site is decent"
osm:node/5124262237,GO2Tech,https://www.go2tech.com/,it,PHL,33,decayed,0.91,58,rebuild,Tier-A demo site + direct mail QR,0,Queue a site-factory brief (/mirror-and-improve)
osm:node/5695046776,Arthur G. Girton,https://agirtonlaw.com/,lawyer,PHL,46,decayed,0.91,51,nurture,low-cost touch only,0,Bad site but opportunity 51 < build floor 55 — not worth a build slot
osm:node/5837827406,Anthony Gueriera Jr. Insurance Agency LLC,http://broomallinsuranceagency.com/,insurance,PHL,0,broken,1,85,rebuild,Tier-A demo site + direct mail QR,0,Queue a site-factory brief (/mirror-and-improve)
osm:node/5863384601,Electric Direct,https://www.electric-direct.net/,electrician,PHL,40,decayed,0.91,69,rebuild,Tier-A demo site + direct mail QR,0,Queue a site-factory brief (/mirror-and-improve)
osm:node/6141795312,Ashley Hunter's Tags & Insurance,https://www.ashleyhunterstags-ins.com/,insurance,PHL,,ungraded,0.16,60,enrich,undecided,0,"Re-audit: no usable evidence. Check the URL, then run Tier 1 (rendered) audit."
osm:node/6434424299,Springfield Family Chiropractic,https://www.drgarymiller.com/,alternative,PHL,71,unconfirmed,0.91,35,verify,undecided — needs a rendered audit,0,"Run Tier 1 (rendered) audit: no markup faults found, but design was never seen"
osm:node/6725948941,Moore Brothers Construction,http://moorebrosconstruction.com/,paver,PHL,0,broken,1,78,rebuild,Tier-A demo site + direct mail QR,0,Queue a site-factory brief (/mirror-and-improve)
osm:node/6879958011,Aston Veterinary Hospital,https://www.astonvet.com/,veterinary,PHL,71,unconfirmed,0.91,38,verify,undecided — needs a rendered audit,0,"Run Tier 1 (rendered) audit: no markup faults found, but design was never seen"
osm:node/7179300349,Full Range Physical Therapy,https://fullrangehealth.org/drexel-hill/,physiotherapist,PHL,69,dated,0.91,35,polish,landing page + CRO engagement,0,"Pitch a single high-intent landing page, not a full rebuild — their site is decent"
osm:node/8210326055,State Line Chiropractic Center,https://www.statelinechirocenter.com/,alternative,PHL,33,decayed,0.91,43,nurture,low-cost touch only,0,Bad site but opportunity 43 < build floor 55 — not worth a build slot
osm:node/8805243146,"Walsh Brothers Plumbing and Mechanical Services, Inc.",https://www.walshbrothersinc.com/,hvac,PHL,67,dated,0.91,52,polish,landing page + CRO engagement,0,"Pitch a single high-intent landing page, not a full rebuild — their site is decent"
osm:node/8922839736,"Field 1 Post, LLC",https://www.field1post.com/,advertising-agency,PHL,25,broken,0.91,63,rebuild,Tier-A demo site + direct mail QR,0,Queue a site-factory brief (/mirror-and-improve)
osm:node/9409529096,HaverCrown Dental,https://www.havercrowndental.com/,dentist,PHL,23,broken,0.91,80,rebuild,Tier-A demo site + direct mail QR,0,Queue a site-factory brief (/mirror-and-improve)
osm:node/9717453617,G W McLaughlin Plumbing & Heating,https://gwmclaughlinplumbingpa.com/,plumber,PHL,60,dated,0.91,42,polish,landing page + CRO engagement,0,"Pitch a single high-intent landing page, not a full rebuild — their site is decent"
osm:node/10196794674,Heiler Painting,https://www.heilerpainting.com/,painter,PHL,73,unconfirmed,0.91,34,verify,undecided — needs a rendered audit,0,"Run Tier 1 (rendered) audit: no markup faults found, but design was never seen"
osm:node/10248534703,Silverback Strategies,https://www.silverbackstrategies.com/philadelphia-digital-marketing-agency/,advertising-agency,PHL,70,unconfirmed,0.91,35,verify,undecided — needs a rendered audit,0,"Run Tier 1 (rendered) audit: no markup faults found, but design was never seen"
osm:node/10873303792,Glen Eagle Pediatric Dentistry,https://gleneaglepediatricdentistry.com/,dentist,PHL,33,decayed,0.91,74,rebuild,Tier-A demo site + direct mail QR,0,Queue a site-factory brief (/mirror-and-improve)
osm:node/10951316921,Any Lab Test Now!,https://www.anylabtestnow.com/springfield-19064/,clinic,PHL,72,unconfirmed,0.91,34,verify,undecided — needs a rendered audit,0,"Run Tier 1 (rendered) audit: no markup faults found, but design was never seen"
osm:node/11217430516,Glen Mills Dental,https://glenmillsdental.com/,dentist,PHL,71,unconfirmed,0.91,51,verify,undecided — needs a rendered audit,0,"Run Tier 1 (rendered) audit: no markup faults found, but design was never seen"
osm:node/11252678115,A Plus Family Drain Cleaning,https://aplusfamilydraincleaning.com/,plumber,PHL,,ungraded,0.16,44,enrich,undecided,0,"Re-audit: no usable evidence. Check the URL, then run Tier 1 (rendered) audit."
osm:node/11305260907,Crown Flooring Co.,https://www.crownflooringco.com/,flooring,PHL,66,dated,0.91,38,polish,landing page + CRO engagement,0,"Pitch a single high-intent landing page, not a full rebuild — their site is decent"
osm:node/11367377602,Len the Plumber,https://lentheplumber.com/pennsylvania-delaware,plumber,PHL,67,dated,0.91,37,polish,landing page + CRO engagement,0,"Pitch a single high-intent landing page, not a full rebuild — their site is decent"
osm:node/11963635843,Chester County Carpet & Flooring,https://chestercountycarpetandflooring.com/,floorer,PHL,70,unconfirmed,0.91,35,verify,undecided — needs a rendered audit,0,"Run Tier 1 (rendered) audit: no markup faults found, but design was never seen"
osm:node/12001569209,Plant Roots,https://www.plantrootslocal.com/,garden-centre,PHL,27,broken,0.36,62,enrich,undecided,0,Confidence 36% is too low to route. Run the Tier 1 rendered audit.
osm:node/12615994449,JAB Exteriors,https://www.jabexteriors.com/,roofer,PHL,69,dated,0.91,35,polish,landing page + CRO engagement,0,"Pitch a single high-intent landing page, not a full rebuild — their site is decent"
osm:node/13065062533,Pool Care Specialists,https://poolcarespec.com/,swimming-pool,PHL,48,decayed,0.91,49,nurture,low-cost touch only,0,Bad site but opportunity 49 < build floor 55 — not worth a build slot
osm:node/13118485040,Chadds Ford Fireside Shop,https://chaddsfordfiresideshop.com/,fireplace,PHL,71,unconfirmed,0.91,35,verify,undecided — needs a rendered audit,0,"Run Tier 1 (rendered) audit: no markup faults found, but design was never seen"
osm:node/13419428507,Mr. Mulch,https://www.mrmulchpa.com/,garden-centre,PHL,70,unconfirmed,0.91,35,verify,undecided — needs a rendered audit,0,"Run Tier 1 (rendered) audit: no markup faults found, but design was never seen"
osm:node/13692278297,Impriano Roofing & Siding,https://www.impriano.com/,roofer,PHL,65,dated,0.91,38,polish,landing page + CRO engagement,0,"Pitch a single high-intent landing page, not a full rebuild — their site is decent"
osm:node/13775400939,Kirkpatrick Nurseries,https://www.kirkpatricknurseries.com/,garden-centre,PHL,27,broken,0.36,62,enrich,undecided,0,Confidence 36% is too low to route. Run the Tier 1 rendered audit.
osm:node/13794032167,MVP Plumbing,https://callmvpplumbing.com/,plumber,PHL,72,unconfirmed,0.91,34,verify,undecided — needs a rendered audit,0,"Run Tier 1 (rendered) audit: no markup faults found, but design was never seen"
osm:way/259539011,Mostardi's Nursery & Greenhouse,https://mostardi.com/,garden-centre,PHL,63,dated,0.91,40,polish,landing page + CRO engagement,0,"Pitch a single high-intent landing page, not a full rebuild — their site is decent"
osm:way/576912529,Ogden Supply Company,https://www.ogdensupply.com/,doityourself,PHL,24,broken,0.36,63,enrich,undecided,0,Confidence 36% is too low to route. Run the Tier 1 rendered audit.
osm:way/693116859,"Petersen Kitchens, Inc.",http://www.petersenkitchens.com/,kitchen,PHL,46,decayed,0.91,51,nurture,low-cost touch only,0,Bad site but opportunity 51 < build floor 55 — not worth a build slot
osm:way/771938279,Ricciardi Brothers Paint Shop,https://ricciardibrothers.com/pages/media,paint,PHL,68,dated,0.91,37,polish,landing page + CRO engagement,0,"Pitch a single high-intent landing page, not a full rebuild — their site is decent"
osm:way/1387674161,"Boyle Energy - Heating, Air Conditioning, Oil & Propane",https://boylebrothersenergy.com/,hvac,PHL,49,decayed,0.91,63,rebuild,Tier-A demo site + direct mail QR,0,Queue a site-factory brief (/mirror-and-improve)
osm:way/1394862912,"marvin e. kanze, inc.",https://www.marvinekanze.com/,hvac,PHL,61,dated,0.91,57,polish,landing page + CRO engagement,0,"Pitch a single high-intent landing page, not a full rebuild — their site is decent"
osm:way/1465425533,Delfera Heating & Cooling Company,https://delfera.com/,hvac,PHL,72,unconfirmed,0.91,49,verify,undecided — needs a rendered audit,0,"Run Tier 1 (rendered) audit: no markup faults found, but design was never seen"
osm:node/2807561480,Anthony & Sylvan Pool Supplies,https://anthonysylvan.com/locations/doylestown-pa/,swimming-pool,PHL,70,unconfirmed,0.91,35,verify,undecided — needs a rendered audit,0,"Run Tier 1 (rendered) audit: no markup faults found, but design was never seen"
osm:node/4588642700,Accurate Temperature,https://accuratetemperatures.com/,hvac,PHL,45,decayed,0.91,66,rebuild,Tier-A demo site + direct mail QR,0,Queue a site-factory brief (/mirror-and-improve)
osm:node/6092024326,Ames Taping Tools,https://amestools.com/location/amestoolswarminster/,trade,PHL,44,decayed,0.91,51,nurture,low-cost touch only,0,Bad site but opportunity 51 < build floor 55 — not worth a build slot
osm:node/7316192930,Hannabery South,https://www.hannabery.com/,hvac,PHL,67,dated,0.91,52,polish,landing page + CRO engagement,0,"Pitch a single high-intent landing page, not a full rebuild — their site is decent"
osm:node/7316193098,Lapp Structures,https://www.lappstructures.com/about/locations/quakertown-location/,hardware,PHL,73,unconfirmed,0.91,34,verify,undecided — needs a rendered audit,0,"Run Tier 1 (rendered) audit: no markup faults found, but design was never seen"
osm:node/10156439116,C&C Super Seal,https://www.candcsuperseal.com/,paver,PHL,33,decayed,0.91,58,rebuild,Tier-A demo site + direct mail QR,0,Queue a site-factory brief (/mirror-and-improve)
osm:node/11350174545,A & J Custom Painting,https://ajcostumpainting.com/,painter,PHL,,ungraded,0.16,44,enrich,undecided,0,"Re-audit: no usable evidence. Check the URL, then run Tier 1 (rendered) audit."
osm:node/11780020665,Fortified Roofing,https://www.fortifiedroofing.com/bucks/levittown/,roofer,PHL,75,unconfirmed,0.91,32,verify,undecided — needs a rendered audit,0,"Run Tier 1 (rendered) audit: no markup faults found, but design was never seen"
osm:node/11809208552,Apex Roofing and Sheet Metal,https://apexroofexperts.net/,roofer,PHL,63,dated,0.91,40,polish,landing page + CRO engagement,0,"Pitch a single high-intent landing page, not a full rebuild — their site is decent"
osm:node/12670249402,The Living Earth,https://www.livingearthnewhope.com/,garden-centre,PHL,67,dated,0.91,37,polish,landing page + CRO engagement,0,"Pitch a single high-intent landing page, not a full rebuild — their site is decent"
osm:node/12817806378,"Cooper Mechanical, Inc.",https://coopermech.com/,hvac,PHL,72,unconfirmed,0.91,49,verify,undecided — needs a rendered audit,0,"Run Tier 1 (rendered) audit: no markup faults found, but design was never seen"
osm:node/13154614343,Alpine Painting and Restoration Services,https://www.alpinepaintingandrestoration.com/,painter,PHL,69,dated,0.91,35,polish,landing page + CRO engagement,0,"Pitch a single high-intent landing page, not a full rebuild — their site is decent"
osm:node/13652942219,Allied Roofing Solutions,https://www.alliedroofingsolutions.com/pa,roofer,PHL,73,unconfirmed,0.91,34,verify,undecided — needs a rendered audit,0,"Run Tier 1 (rendered) audit: no markup faults found, but design was never seen"
osm:way/502979404,Ambler Industries,https://helloambler.com/,gardener,PHL,72,unconfirmed,0.91,34,verify,undecided — needs a rendered audit,0,"Run Tier 1 (rendered) audit: no markup faults found, but design was never seen"
osm:way/694939684,CertaPro Painters,https://central-lower-bucks.certapro.com/,painter,PHL,67,dated,0.91,37,polish,landing page + CRO engagement,0,"Pitch a single high-intent landing page, not a full rebuild — their site is decent"
osm:way/698815071,Chris Orser Landscaping,https://www.chrisorserlandscaping.com/index.html,gardener,PHL,,ungraded,0.16,44,enrich,undecided,0,"Re-audit: no usable evidence. Check the URL, then run Tier 1 (rendered) audit."
osm:way/711141679,The Lawn Depot,https://lawndepotinc.com/,garden-centre,PHL,64,dated,0.91,38,polish,landing page + CRO engagement,0,"Pitch a single high-intent landing page, not a full rebuild — their site is decent"
osm:way/1024002652,Morton Electric Pool & Spa Specialists,http://mortonelectric.net/,plumber,PHL,0,broken,1,78,rebuild,Tier-A demo site + direct mail QR,0,Queue a site-factory brief (/mirror-and-improve)
osm:way/1024098507,Wood Heat,https://woodheat.com/,fireplace,PHL,67,dated,0.91,37,polish,landing page + CRO engagement,0,"Pitch a single high-intent landing page, not a full rebuild — their site is decent"
osm:way/1279231028,Property Handy Pro LLC,https://propertyhandypro.com/,plumber,PHL,67,dated,0.91,37,polish,landing page + CRO engagement,0,"Pitch a single high-intent landing page, not a full rebuild — their site is decent"
osm:way/1301205659,Bluestone Gardens,https://www.bluestonegardens.com/,garden-centre,PHL,61,dated,0.91,42,polish,landing page + CRO engagement,0,"Pitch a single high-intent landing page, not a full rebuild — their site is decent"
osm:way/1369214588,Thomas & Boyds Inc.,https://www.thomasandboyds.com/,flooring,PHL,59,dated,0.91,42,polish,landing page + CRO engagement,0,"Pitch a single high-intent landing page, not a full rebuild — their site is decent"
osm:way/1472552683,Alderfer Glass Company,https://alderferglass.com/,glaziery,PHL,64,dated,0.91,38,polish,landing page + CRO engagement,0,"Pitch a single high-intent landing page, not a full rebuild — their site is decent"
osm:way/1472552685,Mark J. Fisher Roofing,https://fisherroofing.biz/,roofer,PHL,59,dated,0.91,42,polish,landing page + CRO engagement,0,"Pitch a single high-intent landing page, not a full rebuild — their site is decent"
osm:node/1203379438,Ward B. Burnside & Co.,https://www.burnsideplumbing.com/,hvac,PHL,66,dated,0.91,54,polish,landing page + CRO engagement,0,"Pitch a single high-intent landing page, not a full rebuild — their site is decent"
osm:node/6129309261,Sharp Stream Power Washing & Painting,https://www.sharpstreampowerwashing.com/,painter,PHL,,ungraded,0.16,44,enrich,undecided,0,"Re-audit: no usable evidence. Check the URL, then run Tier 1 (rendered) audit."
osm:node/6399473876,Market Street Hardware & General Store,https://www.marketstreethardware.com/,hardware,PHL,54,dated,0.91,45,nurture,low-cost touch only,0,Bad site but opportunity 45 < build floor 55 — not worth a build slot
osm:node/6444023512,Jacuzzi Hot Tubs of Exton,https://jacuzzihottubsofsepa.com/location/exton-showroom/,swimming-pool,PHL,52,dated,0.91,46,nurture,low-cost touch only,0,Bad site but opportunity 46 < build floor 55 — not worth a build slot
osm:node/6499537849,Southampton Hot Tub,https://southamptonhottub.com/,swimming-pool,PHL,33,decayed,0.91,58,rebuild,Tier-A demo site + direct mail QR,0,Queue a site-factory brief (/mirror-and-improve)
osm:node/6985919118,Cochranville Lawn Services,https://cochranvillelawn.com/,gardener,PHL,61,dated,0.91,42,polish,landing page + CRO engagement,0,"Pitch a single high-intent landing page, not a full rebuild — their site is decent"
osm:node/8175135459,Lomax Carpet & Tile Mart,https://shop.carpetmart.com/lomax-carpetmart-pottstown,flooring,PHL,71,unconfirmed,0.91,35,verify,undecided — needs a rendered audit,0,"Run Tier 1 (rendered) audit: no markup faults found, but design was never seen"
osm:node/8928461088,Flat Roof Solutions,https://getflatroofing.com/,roofer,PHL,70,unconfirmed,0.91,35,verify,undecided — needs a rendered audit,0,"Run Tier 1 (rendered) audit: no markup faults found, but design was never seen"
osm:node/9604694562,California Pools - Philadelphia,https://californiapools.com/locations/philadelphia,swimming-pool,PHL,64,dated,0.91,38,polish,landing page + CRO engagement,0,"Pitch a single high-intent landing page, not a full rebuild — their site is decent"
osm:node/9739303646,Pipe Xpress Inc,https://pipexpressinc.com/,hardware,PHL,33,decayed,0.91,58,rebuild,Tier-A demo site + direct mail QR,0,Queue a site-factory brief (/mirror-and-improve)
osm:node/9763662250,MacLaren Kitchen and Bath,https://maclarenfab.com/,hardware,PHL,33,decayed,0.91,58,rebuild,Tier-A demo site + direct mail QR,0,Queue a site-factory brief (/mirror-and-improve)
osm:node/9848619275,Auger Manufacturing Specialists,http://augermfgspec.com/,metal-construction,PHL,36,decayed,0.91,72,rebuild,Tier-A demo site + direct mail QR,0,Queue a site-factory brief (/mirror-and-improve)
osm:node/9892413340,J&L building materials,https://www.jlbuilding.com/,trade,PHL,71,unconfirmed,0.91,27,verify,undecided — needs a rendered audit,0,"Run Tier 1 (rendered) audit: no markup faults found, but design was never seen"
osm:node/10732776189,Mondo Contract Flooring,https://mondocontractflooring.com/,flooring,PHL,65,dated,0.91,38,polish,landing page + CRO engagement,0,"Pitch a single high-intent landing page, not a full rebuild — their site is decent"
osm:node/10749513069,Greenleaf Turf Solutions,https://www.greenleafturfsolutions.com/,gardener,PHL,57,dated,0.91,43,polish,landing page + CRO engagement,0,"Pitch a single high-intent landing page, not a full rebuild — their site is decent"
osm:node/10749513075,"Davidson Fabricating, Inc.",https://davidsonfab.com/,metal-construction,PHL,33,decayed,0.91,74,rebuild,Tier-A demo site + direct mail QR,0,Queue a site-factory brief (/mirror-and-improve)
osm:node/10749513076,Luxury Home Improvements,https://www.westchesterflooringshowroom.com/,flooring,PHL,69,dated,0.91,35,polish,landing page + CRO engagement,0,"Pitch a single high-intent landing page, not a full rebuild — their site is decent"
osm:node/10749513079,Philadelphia Garage,https://www.philadelphiagarage.com/,floorer,PHL,33,decayed,0.91,58,rebuild,Tier-A demo site + direct mail QR,0,Queue a site-factory brief (/mirror-and-improve)
osm:node/10970462330,E&I The Exterior Remodeling Company,https://www.ei-contracting.com/,builder,PHL,65,dated,0.91,38,polish,landing page + CRO engagement,0,"Pitch a single high-intent landing page, not a full rebuild — their site is decent"
osm:node/11147154564,Honey Brook Hardware,https://honeybrookhardware.com/,hardware,PHL,66,dated,0.91,38,polish,landing page + CRO engagement,0,"Pitch a single high-intent landing page, not a full rebuild — their site is decent"
osm:node/11999899508,APR Supply Company,https://www.aprsupply.com/Malvern,trade,PHL,35,decayed,0.91,57,rebuild,Tier-A demo site + direct mail QR,0,Queue a site-factory brief (/mirror-and-improve)
osm:node/12018193852,Blue Haven Pools & Spas,https://www.bluehaven.com/pennsylvania-swimming-pool-builder/,swimming-pool,PHL,72,unconfirmed,0.91,34,verify,undecided — needs a rendered audit,0,"Run Tier 1 (rendered) audit: no markup faults found, but design was never seen"
osm:node/12018193855,Spring Dance Hot Tubs,https://springdancehottubs.com/locations/exton-pa-chester-county/,swimming-pool,PHL,70,unconfirmed,0.91,35,verify,undecided — needs a rendered audit,0,"Run Tier 1 (rendered) audit: no markup faults found, but design was never seen"
osm:node/12075515296,A1 Mulch,https://www.a1mulch.com/,garden-centre,PHL,64,dated,0.91,38,polish,landing page + CRO engagement,0,"Pitch a single high-intent landing page, not a full rebuild — their site is decent"
osm:node/12137732987,Gardner's,https://www.glnursery.com/,garden-centre,PHL,60,dated,0.91,42,polish,landing page + CRO engagement,0,"Pitch a single high-intent landing page, not a full rebuild — their site is decent"
osm:node/12168244934,Lilly Pool & Spa Service,https://lillypools.com/,swimming-pool,PHL,62,dated,0.91,40,polish,landing page + CRO engagement,0,"Pitch a single high-intent landing page, not a full rebuild — their site is decent"
osm:node/12172089802,Dream Team,https://dreamteampa.com/,hvac,PHL,33,decayed,0.91,74,rebuild,Tier-A demo site + direct mail QR,0,Queue a site-factory brief (/mirror-and-improve)
osm:node/12371678335,Service Wholesale Incorporated,http://www.s-w-i.com/,trade,PHL,46,decayed,0.91,51,nurture,low-cost touch only,0,Bad site but opportunity 51 < build floor 55 — not worth a build slot
osm:node/12824235939,Valley View Perennial Growers,https://valleyviewpg.com/,garden-centre,PHL,61,dated,0.91,42,polish,landing page + CRO engagement,0,"Pitch a single high-intent landing page, not a full rebuild — their site is decent"
osm:node/12986641017,Elverson Supply,https://elversonsupply.net/,hardware,PHL,33,decayed,0.91,58,rebuild,Tier-A demo site + direct mail QR,0,Queue a site-factory brief (/mirror-and-improve)
osm:node/13020387653,Diversified Roofing Co,https://deroof.com/,roofer,PHL,72,unconfirmed,0.91,34,verify,undecided — needs a rendered audit,0,"Run Tier 1 (rendered) audit: no markup faults found, but design was never seen"
osm:node/13042748572,DreamMaker Bath & Kitchen,https://www.dreammaker-remodel.com/chester-county/,kitchen,PHL,33,decayed,0.91,58,rebuild,Tier-A demo site + direct mail QR,0,Queue a site-factory brief (/mirror-and-improve)
osm:node/13235605114,Express Kitchen & Bath,https://www.expresskitchensandbath.com/,kitchen,PHL,66,dated,0.91,38,polish,landing page + CRO engagement,0,"Pitch a single high-intent landing page, not a full rebuild — their site is decent"
osm:node/13571041983,Deck Craft Plus,https://www.deckcraftplus.com/,builder,PHL,71,unconfirmed,0.91,35,verify,undecided — needs a rendered audit,0,"Run Tier 1 (rendered) audit: no markup faults found, but design was never seen"
osm:node/13571041984,Brandywine Building Supply,https://www.brandywinebuildingsupply.com/,trade,PHL,68,dated,0.91,37,polish,landing page + CRO engagement,0,"Pitch a single high-intent landing page, not a full rebuild — their site is decent"
osm:node/13630890446,Gritz Pools & Spas,https://gritzpools.com/,swimming-pool,PHL,67,dated,0.91,37,polish,landing page + CRO engagement,0,"Pitch a single high-intent landing page, not a full rebuild — their site is decent"
osm:node/13667820272,Wesley Wood,https://www.serviceexperts.com/philadelphia-pa/,hvac,PHL,74,unconfirmed,0.91,48,verify,undecided — needs a rendered audit,0,"Run Tier 1 (rendered) audit: no markup faults found, but design was never seen"
osm:node/13898966932,Keyes Water Wells,https://keyesinc.com/,construction-company,PHL,67,dated,0.91,52,polish,landing page + CRO engagement,0,"Pitch a single high-intent landing page, not a full rebuild — their site is decent"
osm:node/13898966938,Great Valley Pool Service,https://greatvalleypool.com/,swimming-pool,PHL,64,dated,0.91,38,polish,landing page + CRO engagement,0,"Pitch a single high-intent landing page, not a full rebuild — their site is decent"
osm:way/135983508,Apricity Gardens,https://theapricitygardens.com/,garden-centre,PHL,63,dated,0.91,40,polish,landing page + CRO engagement,0,"Pitch a single high-intent landing page, not a full rebuild — their site is decent"
osm:way/152669579,AAA Hellenic Marble,https://aaamarble.com/,trade,PHL,69,dated,0.91,35,polish,landing page + CRO engagement,0,"Pitch a single high-intent landing page, not a full rebuild — their site is decent"
osm:way/223610550,Rutter Roofing,https://rutterroofing.com/,roofer,PHL,71,unconfirmed,0.91,35,verify,undecided — needs a rendered audit,0,"Run Tier 1 (rendered) audit: no markup faults found, but design was never seen"
osm:way/317869595,The Stove Shop Fireplace Experts,https://fireplaceexperts.com/,fireplace,PHL,72,unconfirmed,0.91,34,verify,undecided — needs a rendered audit,0,"Run Tier 1 (rendered) audit: no markup faults found, but design was never seen"
osm:way/557065197,Pacer Pool Services & Supplies Inc,https://pacerpools.com/,swimming-pool,PHL,66,dated,0.91,38,polish,landing page + CRO engagement,0,"Pitch a single high-intent landing page, not a full rebuild — their site is decent"
osm:way/562009268,"Mattioni Plumbing, Heating, & Cooling",https://www.callmattioni.com/,plumber,PHL,73,unconfirmed,0.91,34,verify,undecided — needs a rendered audit,0,"Run Tier 1 (rendered) audit: no markup faults found, but design was never seen"
osm:way/665110959,Lawn & Golf Supply Company,https://www.lawn-golf.com/,hardware,PHL,68,dated,0.91,37,polish,landing page + CRO engagement,0,"Pitch a single high-intent landing page, not a full rebuild — their site is decent"
osm:way/667575660,Peter Lumber Co.,https://www.peterlumber.com/,hardware,PHL,60,dated,0.91,42,polish,landing page + CRO engagement,0,"Pitch a single high-intent landing page, not a full rebuild — their site is decent"
osm:way/667752378,Sinton Air Conditioning & Heating Inc.,https://sintonair.com/,hvac,PHL,69,dated,0.91,51,polish,landing page + CRO engagement,0,"Pitch a single high-intent landing page, not a full rebuild — their site is decent"
osm:way/687816859,City Electric Supply,https://www.cityelectricsupply.com/branch/409,energy-supplier,PHL,35,decayed,0.91,57,rebuild,Tier-A demo site + direct mail QR,0,Queue a site-factory brief (/mirror-and-improve)
osm:way/953143101,Signature HVAC,https://www.signaturehvac.com/,hvac,PHL,68,dated,0.91,52,polish,landing page + CRO engagement,0,"Pitch a single high-intent landing page, not a full rebuild — their site is decent"
osm:way/1375579931,Bob Wagner's Flooring America,https://www.bobwagner.com/,floorer,PHL,50,dated,0.91,48,nurture,low-cost touch only,0,Bad site but opportunity 48 < build floor 55 — not worth a build slot
osm:way/1415232258,Borsello Landscaping,https://www.borsellolandscaping.com/landscape-services-avondale-pa/,gardener,PHL,35,decayed,0.91,57,rebuild,Tier-A demo site + direct mail QR,0,Queue a site-factory brief (/mirror-and-improve)
osm:way/1448249002,C&R Glass,https://www.candrglassinc.com/,trade,PHL,69,dated,0.91,35,polish,landing page + CRO engagement,0,"Pitch a single high-intent landing page, not a full rebuild — their site is decent"
osm:way/1469668956,Martins Flooring,https://www.martinsflooring.com/locations/oxford-pa/,flooring,PHL,75,unconfirmed,0.91,32,verify,undecided — needs a rendered audit,0,"Run Tier 1 (rendered) audit: no markup faults found, but design was never seen"
osm:way/1469668958,Keen Compressed Gas Company,https://keengas.net/locations/4-oxford-pennsylvania-store,trade,PHL,55,dated,0.91,45,nurture,low-cost touch only,0,Bad site but opportunity 45 < build floor 55 — not worth a build slot
osm:way/1533050037,Metalmorphose Iron Studio,https://metalmorphoseironworks.com/,metal-construction,PHL,55,dated,0.91,60,rebuild,Tier-A demo site + direct mail QR,0,Queue a site-factory brief (/mirror-and-improve)
osm:way/804418401,Philadelphia Furniture Workshop,https://www.philadelphiafurnitureworkshop.com/,carpenter,PHL,68,dated,0.91,33,polish,landing page + CRO engagement,0,"Pitch a single high-intent landing page, not a full rebuild — their site is decent"
osm:way/1167906885,EMCO Tech Heating & Cooling,https://emcocooling.com/,hvac,PHL,68,dated,0.91,51,polish,landing page + CRO engagement,0,"Pitch a single high-intent landing page, not a full rebuild — their site is decent"
osm:node/7140146521,Philadelphia Paint Stores,https://www.ppgpaints.com/store-locator/us/pennsylvania/hatboro/philadelphia-paint-stores-27520,paint,PHL,48,decayed,0.91,47,nurture,low-cost touch only,0,Bad site but opportunity 47 < build floor 55 — not worth a build slot
osm:way/1328797683,homedepot.com,https://www.homedepot.com/l/Montgomeryville/PA/Lansdale/19446/4104/garden-center,garden-centre,PHL,71,unconfirmed,0.91,24,verify,undecided — needs a rendered audit,0,"Run Tier 1 (rendered) audit: no markup faults found, but design was never seen"
osm:node/5516735436,E&S Autoparts,http://esauto.net/,doityourself,PHL,0,broken,1,82,rebuild,Tier-A demo site + direct mail QR,0,Queue a site-factory brief (/mirror-and-improve)
osm:node/10994786240,O'Donnell Roofing Co.,https://odonnellroofingco.com/,roofer,PHL,72,unconfirmed,0.91,29,verify,undecided — needs a rendered audit,0,"Run Tier 1 (rendered) audit: no markup faults found, but design was never seen"
osm:way/284941917,Carlton Pools,https://www.carltonpools.com/west-chester,swimming-pool,PHL,74,unconfirmed,0.91,27,verify,undecided — needs a rendered audit,0,"Run Tier 1 (rendered) audit: no markup faults found, but design was never seen"
osm:way/664981731,Sequoia Supply,https://www.decksupplies.com/contact-us/,trade,PHL,64,dated,0.91,35,polish,landing page + CRO engagement,0,"Pitch a single high-intent landing page, not a full rebuild — their site is decent"
osm:node/6985918907,Brandywine Quarry,https://www.brandywinequarry.com/,trade,PHL,73,unconfirmed,0.91,29,verify,undecided — needs a rendered audit,0,"Run Tier 1 (rendered) audit: no markup faults found, but design was never seen"
osm:node/11053681688,Sugarbridge Kitchen & Bath,https://www.sugarbridge.com/,kitchen,PHL,74,unconfirmed,0.91,27,verify,undecided — needs a rendered audit,0,"Run Tier 1 (rendered) audit: no markup faults found, but design was never seen"
osm:node/2151219107,Talking Headz,https://www.talkingheadzsalon.com/,hairdresser,PHL,68,dated,0.91,37,polish,landing page + CRO engagement,0,"Pitch a single high-intent landing page, not a full rebuild — their site is decent"
osm:node/2175209362,Wayne's Garage,https://www.waynesgarageinc.net/,car-repair,PHL,70,unconfirmed,0.91,35,verify,undecided — needs a rendered audit,0,"Run Tier 1 (rendered) audit: no markup faults found, but design was never seen"
osm:node/2572265674,Lumos Yoga & Barre,https://www.lumosyogaandbarre.com/,fitness-centre,PHL,68,dated,0.91,43,polish,landing page + CRO engagement,0,"Pitch a single high-intent landing page, not a full rebuild — their site is decent"
osm:node/2699315988,Go Vertical - Indoor Rock Climbing Gym,http://www.govertical.com/,fitness-centre,PHL,15,broken,0.91,75,rebuild,Tier-A demo site + direct mail QR,0,Queue a site-factory brief (/mirror-and-improve)
osm:node/2700105358,Tune Up Barbershop,https://www.tuneupbarbershop.com/,hairdresser,PHL,55,dated,0.91,45,nurture,low-cost touch only,0,Bad site but opportunity 45 < build floor 55 — not worth a build slot
osm:node/2718265372,Crossfit Love,https://crossfitlove.com/,fitness-centre,PHL,54,dated,0.91,51,nurture,low-cost touch only,0,Bad site but opportunity 51 < build floor 55 — not worth a build slot
osm:node/3103199837,Lacquer Lounge,https://lacquerlounge.com/,beauty,PHL,74,unconfirmed,0.91,32,verify,undecided — needs a rendered audit,0,"Run Tier 1 (rendered) audit: no markup faults found, but design was never seen"
osm:node/3103200329,City Fitness,https://cityfitness.com/old-city-club/,fitness-centre,PHL,72,unconfirmed,0.91,31,verify,undecided — needs a rendered audit,0,"Run Tier 1 (rendered) audit: no markup faults found, but design was never seen"
osm:node/4064309384,Mingle Nail Lounge,https://www.minglenaillounge.com/,beauty,PHL,65,dated,0.91,38,polish,landing page + CRO engagement,0,"Pitch a single high-intent landing page, not a full rebuild — their site is decent"
osm:node/4115044300,Sulimay's Barber Shop,http://sulimays.com/,hairdresser,PHL,52,dated,0.91,46,nurture,low-cost touch only,0,Bad site but opportunity 46 < build floor 55 — not worth a build slot
osm:node/4467644152,Citi Auto Group LLC,https://citiautogroup.com/,car,PHL,65,dated,0.91,38,polish,landing page + CRO engagement,0,"Pitch a single high-intent landing page, not a full rebuild — their site is decent"
osm:node/5351411121,Schafer's Auto Center,https://www.schafersauto.com/,car-repair,PHL,72,unconfirmed,0.91,34,verify,undecided — needs a rendered audit,0,"Run Tier 1 (rendered) audit: no markup faults found, but design was never seen"
osm:node/5413809123,Bounc'n & Behaving Hair Studio,https://www.bouncedolls.com/,beauty,PHL,62,dated,0.91,40,polish,landing page + CRO engagement,0,"Pitch a single high-intent landing page, not a full rebuild — their site is decent"
osm:node/5579935323,"Big Head Transport, LLC",http://bigheadtransportllc.com/,tyres,PHL,0,broken,1,78,rebuild,Tier-A demo site + direct mail QR,0,Queue a site-factory brief (/mirror-and-improve)
osm:node/5605176321,Luxe Nail Bar,https://luxephilly.com/,beauty,PHL,50,dated,0.91,48,nurture,low-cost touch only,0,Bad site but opportunity 48 < build floor 55 — not worth a build slot
osm:node/5727890933,Big Head Auto Salvage,https://www.bigheadautosalvage.com/,car-parts,PHL,,ungraded,0.16,44,enrich,undecided,0,"Re-audit: no usable evidence. Check the URL, then run Tier 1 (rendered) audit."
osm:node/5789523769,Kehan's Auto Service,http://kehansautoservice.com/,car-repair,PHL,0,broken,1,78,rebuild,Tier-A demo site + direct mail QR,0,Queue a site-factory brief (/mirror-and-improve)
osm:node/6897200024,JB Motor Works,https://www.jbmotorwork.com/,car-repair,PHL,60,dated,0.91,42,polish,landing page + CRO engagement,0,"Pitch a single high-intent landing page, not a full rebuild — their site is decent"
osm:node/7408327411,City Fitness Northern Liberties,https://cityfitnessphilly.com/,fitness-centre,PHL,71,unconfirmed,0.91,42,verify,undecided — needs a rendered audit,0,"Run Tier 1 (rendered) audit: no markup faults found, but design was never seen"
osm:node/7548356160,Kari Skin,https://kariskin.com/,massage,PHL,57,dated,0.91,43,polish,landing page + CRO engagement,0,"Pitch a single high-intent landing page, not a full rebuild — their site is decent"
osm:node/8139875094,James Shuler Memorial Boxing Gym,https://www.jamesshulerboxing.com/,fitness-centre,PHL,69,dated,0.91,42,polish,landing page + CRO engagement,0,"Pitch a single high-intent landing page, not a full rebuild — their site is decent"
osm:node/8807833622,Warhorse Barbell Club,https://www.warhorsebarbellclub.com/,fitness-centre,PHL,69,dated,0.91,42,polish,landing page + CRO engagement,0,"Pitch a single high-intent landing page, not a full rebuild — their site is decent"
osm:node/9239014186,iRepairWorks,https://phillyiphonerepair.com/,electronics-repair,PHL,,ungraded,0.16,44,enrich,undecided,0,"Re-audit: no usable evidence. Check the URL, then run Tier 1 (rendered) audit."
osm:node/9459428359,Cure Nails & Spa,https://cure-nails-spa.edan.io/,beauty,PHL,65,dated,0.91,38,polish,landing page + CRO engagement,0,"Pitch a single high-intent landing page, not a full rebuild — their site is decent"
osm:node/9699592114,V's Barbershop - Old City Philadelphia,https://vbarbershop.com/locations/old-city-philadelphia,hairdresser,PHL,57,dated,0.91,43,polish,landing page + CRO engagement,0,"Pitch a single high-intent landing page, not a full rebuild — their site is decent"
osm:node/9870149631,Judy's Hair and Wig Salon,https://judyshairandwigsalon.com/,beauty,PHL,,ungraded,0.16,44,enrich,undecided,0,"Re-audit: no usable evidence. Check the URL, then run Tier 1 (rendered) audit."
osm:node/10573083510,Phone Repair Philly,http://phonerepairphilly.com/,electronics-repair,PHL,61,dated,0.91,42,polish,landing page + CRO engagement,0,"Pitch a single high-intent landing page, not a full rebuild — their site is decent"
osm:node/10593793355,8 Limbs Academy,https://8limbsacademy.com/,fitness-centre,PHL,59,dated,0.91,48,polish,landing page + CRO engagement,0,"Pitch a single high-intent landing page, not a full rebuild — their site is decent"
osm:node/10596091300,Island Design Natural Hair Salon,https://islandesignsalon.com/,hairdresser,PHL,55,dated,0.91,45,nurture,low-cost touch only,0,Bad site but opportunity 45 < build floor 55 — not worth a build slot
osm:node/10760531985,BPM Fitness,https://bpmfitnessphl.com/,fitness-centre,PHL,33,decayed,0.91,65,rebuild,Tier-A demo site + direct mail QR,0,Queue a site-factory brief (/mirror-and-improve)
osm:node/10821817498,Odyssey Hair Studio,https://odysseyhairstudio.com/,hairdresser,PHL,67,dated,0.91,37,polish,landing page + CRO engagement,0,"Pitch a single high-intent landing page, not a full rebuild — their site is decent"
osm:node/11018100444,Drexel Recreation Center,https://drexel.edu/recathletics/,fitness-centre,PHL,63,dated,0.91,46,polish,landing page + CRO engagement,0,"Pitch a single high-intent landing page, not a full rebuild — their site is decent"
osm:node/11055837169,K Louise Boutique Salon,https://klouisesalon.com/index.html,beauty,PHL,62,dated,0.82,40,polish,landing page + CRO engagement,0,"Pitch a single high-intent landing page, not a full rebuild — their site is decent"
osm:node/11072156885,Style of Man,https://styleofman.com/,hairdresser,PHL,51,dated,0.91,48,nurture,low-cost touch only,0,Bad site but opportunity 48 < build floor 55 — not worth a build slot
osm:node/11102437698,Euphoria Nail Bar,https://euphorianailbar.com/,beauty,PHL,33,decayed,0.91,58,rebuild,Tier-A demo site + direct mail QR,0,Queue a site-factory brief (/mirror-and-improve)
osm:node/11102457739,Citrine Glow,https://www.citrineglowmedispa.com/,beauty,PHL,71,unconfirmed,0.91,35,verify,undecided — needs a rendered audit,0,"Run Tier 1 (rendered) audit: no markup faults found, but design was never seen"
osm:node/11110283044,Redwood Beauty and Wellness Spa,https://redwoodwellness.life/,beauty,PHL,66,dated,0.91,38,polish,landing page + CRO engagement,0,"Pitch a single high-intent landing page, not a full rebuild — their site is decent"
osm:node/12222615902,Lakshmi Hair Studio,https://www.lakshmihairstudio.com/,hairdresser,PHL,64,dated,0.91,38,polish,landing page + CRO engagement,0,"Pitch a single high-intent landing page, not a full rebuild — their site is decent"
osm:node/12229752738,Nic Grooming,https://www.nicgrooming.com/,hairdresser,PHL,71,unconfirmed,0.91,27,verify,undecided — needs a rendered audit,0,"Run Tier 1 (rendered) audit: no markup faults found, but design was never seen"
osm:node/12230309786,Rocket Tan,https://www.rockettans.com/,beauty,PHL,57,dated,0.91,43,polish,landing page + CRO engagement,0,"Pitch a single high-intent landing page, not a full rebuild — their site is decent"
osm:node/12235452445,Blokes Barbershop & Gentleman's Emporium,https://www.blokesbarbershop.com/,hairdresser,PHL,67,dated,0.91,37,polish,landing page + CRO engagement,0,"Pitch a single high-intent landing page, not a full rebuild — their site is decent"
osm:node/12235452448,Hush Salon,https://hushsalon.com/,hairdresser,PHL,59,dated,0.91,42,polish,landing page + CRO engagement,0,"Pitch a single high-intent landing page, not a full rebuild — their site is decent"
osm:node/12238320565,Yudizza Spa,https://yudizzamedspa.com/,beauty,PHL,63,dated,0.91,40,polish,landing page + CRO engagement,0,"Pitch a single high-intent landing page, not a full rebuild — their site is decent"
osm:node/12351583301,Alchemy Hair Lab,https://alchemyhairlab.com/,hairdresser,PHL,64,dated,0.82,38,polish,landing page + CRO engagement,0,"Pitch a single high-intent landing page, not a full rebuild — their site is decent"
osm:node/12875707323,Fix It Master,https://master-fixit.com/,electronics-repair,PHL,69,dated,0.91,35,polish,landing page + CRO engagement,0,"Pitch a single high-intent landing page, not a full rebuild — their site is decent"
osm:node/13411855935,8 Cylinders Auto Repair Philadelphia,https://8cylindersautorepair.com/,car-repair,PHL,74,unconfirmed,0.91,32,verify,undecided — needs a rendered audit,0,"Run Tier 1 (rendered) audit: no markup faults found, but design was never seen"
osm:way/339790852,Family Chrysler Dodge Jeep RAM,http://www.familyautos.com/,car,PHL,45,decayed,0.26,51,enrich,undecided,0,Confidence 26% is too low to route. Run the Tier 1 rendered audit.
osm:way/618324181,Grand Prix Worx,https://www.grandprixworx.com/,car,PHL,62,dated,0.91,40,polish,landing page + CRO engagement,0,"Pitch a single high-intent landing page, not a full rebuild — their site is decent"
osm:way/618324191,Car Pretty Window Tinting,https://carprettywindowtinting.com/,car-repair,PHL,75,unconfirmed,0.91,32,verify,undecided — needs a rendered audit,0,"Run Tier 1 (rendered) audit: no markup faults found, but design was never seen"
osm:way/632069349,Elite Auto Parts,http://cecarparts.com/,car-parts,PHL,0,broken,1,78,rebuild,Tier-A demo site + direct mail QR,0,Queue a site-factory brief (/mirror-and-improve)
osm:way/642139708,Z Brothers Services Center,https://z-brothers.net/,car-repair,PHL,57,dated,0.91,43,polish,landing page + CRO engagement,0,"Pitch a single high-intent landing page, not a full rebuild — their site is decent"
osm:way/993917745,Liberty Coca-Cola Beverages,https://www.libertycoke.com/,works,PHL,60,dated,0.91,42,polish,landing page + CRO engagement,0,"Pitch a single high-intent landing page, not a full rebuild — their site is decent"
osm:way/1038109486,Naryan Auto Group,https://naryanauto.com/,car,PHL,50,dated,0.91,48,nurture,low-cost touch only,0,Bad site but opportunity 48 < build floor 55 — not worth a build slot
osm:way/1136568730,Larry's Auto Repair,https://www.larrysautorepairpa.com/,car-repair,PHL,58,dated,0.91,43,polish,landing page + CRO engagement,0,"Pitch a single high-intent landing page, not a full rebuild — their site is decent"
osm:way/1189246515,First Class Auto Land,https://www.firstclassautoland.com/,car,PHL,23,broken,0.91,65,rebuild,Tier-A demo site + direct mail QR,0,Queue a site-factory brief (/mirror-and-improve)
osm:way/1355993034,Paul Bros. Auto Body,https://www.paulbrosautobody.com/,car-repair,PHL,66,dated,0.91,38,polish,landing page + CRO engagement,0,"Pitch a single high-intent landing page, not a full rebuild — their site is decent"
osm:node/2105816890,Miller Mountain High Performance,https://millermountainhp.com/,car-repair,PHL,69,dated,0.91,35,polish,landing page + CRO engagement,0,"Pitch a single high-intent landing page, not a full rebuild — their site is decent"
osm:node/2856411359,Grand Sport Auto Body,http://www.grandsportautobody.com/locations/collegeville.php,car-repair,PHL,11,broken,0.91,72,rebuild,Tier-A demo site + direct mail QR,0,Queue a site-factory brief (/mirror-and-improve)
osm:node/6265647763,MYTECH Automotive Service Center,https://www.mytechautosvc.com/,car-repair,PHL,,ungraded,0.16,44,enrich,undecided,0,"Re-audit: no usable evidence. Check the URL, then run Tier 1 (rendered) audit."
osm:node/7871046428,Wellsford Fine Custom Cabinetry,https://wellsfordcabinetry.com/,joiner,PHL,67,dated,0.91,37,polish,landing page + CRO engagement,0,"Pitch a single high-intent landing page, not a full rebuild — their site is decent"
osm:node/9795531224,Red Tree Tech,https://redtreetech.com/,electronics-repair,PHL,67,dated,0.91,37,polish,landing page + CRO engagement,0,"Pitch a single high-intent landing page, not a full rebuild — their site is decent"
osm:node/13437987082,First Call Appliance Repair,https://firstcallappliancerepair.com/,electronics-repair,PHL,72,unconfirmed,0.91,34,verify,undecided — needs a rendered audit,0,"Run Tier 1 (rendered) audit: no markup faults found, but design was never seen"
osm:node/11549319972,GSK Technologies,https://www.gsktechnologiesllc.com/,electronics-repair,PHL,,ungraded,0.16,44,enrich,undecided,0,"Re-audit: no usable evidence. Check the URL, then run Tier 1 (rendered) audit."
osm:node/13477770801,Havertown Phone & Computer Repair,https://havertowncomputerrepair.com/,electronics-repair,PHL,27,broken,0.36,62,enrich,undecided,0,Confidence 36% is too low to route. Run the Tier 1 rendered audit.
osm:way/230975784,Piasecki Aircraft Corporation,https://piasecki.com/,works,PHL,69,dated,0.91,35,polish,landing page + CRO engagement,0,"Pitch a single high-intent landing page, not a full rebuild — their site is decent"
osm:way/625659244,Ampro,https://www.amprogo.com/,works,PHL,60,dated,0.91,42,polish,landing page + CRO engagement,0,"Pitch a single high-intent landing page, not a full rebuild — their site is decent"
osm:way/689358054,NewAge® Industries,http://newagecareers.com/,works,PHL,11,broken,0.91,72,rebuild,Tier-A demo site + direct mail QR,0,Queue a site-factory brief (/mirror-and-improve)
osm:node/6434718197,West Chester Computer Doctor,https://wcpcmd.com/,electronics-repair,PHL,49,decayed,0.91,48,nurture,low-cost touch only,0,Bad site but opportunity 48 < build floor 55 — not worth a build slot
osm:node/10749513073,Signs A La Carte,https://www.signsalacarte.com/,signmaker,PHL,57,dated,0.91,43,polish,landing page + CRO engagement,0,"Pitch a single high-intent landing page, not a full rebuild — their site is decent"
osm:node/3420829694,Superior Tube,https://www.superiortube.com/,works,PHL,59,dated,0.91,38,polish,landing page + CRO engagement,0,"Pitch a single high-intent landing page, not a full rebuild — their site is decent"
osm:node/6744104885,Sonoco Paperboard,https://www.sonocoprotectivesolutions.com/,works,PHL,60,dated,0.91,38,polish,landing page + CRO engagement,0,"Pitch a single high-intent landing page, not a full rebuild — their site is decent"
osm:way/66083124,ansarispharma.com,http://ansarispharma.com/index.php,works,PHL,0,broken,1,82,rebuild,Tier-A demo site + direct mail QR,0,Queue a site-factory brief (/mirror-and-improve)
osm:way/200566632,SFC Global Supply Chain,https://www.schwanscompany.com/brands-and-businesses/global-supply-chain.htm,works,PHL,47,decayed,0.91,47,nurture,low-cost touch only,0,Bad site but opportunity 47 < build floor 55 — not worth a build slot
osm:node/310902947,Architectural Antiques Exchange,https://www.architecturalantiques.com/,antiques,PHL,72,unconfirmed,0.91,34,verify,undecided — needs a rendered audit,0,"Run Tier 1 (rendered) audit: no markup faults found, but design was never seen"
osm:node/1491913852,Bicycle Therapy,https://www.bicycletherapy.com/,bicycle,PHL,68,dated,0.91,37,polish,landing page + CRO engagement,0,"Pitch a single high-intent landing page, not a full rebuild — their site is decent"
osm:node/1685394803,Firehouse Bicycles,https://firehousebicycles.com/,bicycle,PHL,59,dated,0.91,32,polish,landing page + CRO engagement,0,"Pitch a single high-intent landing page, not a full rebuild — their site is decent"
osm:node/2003056802,Frederick W. Oster Fine Violins,https://www.osterviolins.com/,musical-instrument,PHL,33,decayed,0.91,58,rebuild,Tier-A demo site + direct mail QR,0,Queue a site-factory brief (/mirror-and-improve)
osm:node/2105012239,Baltimore Pet Shoppe,http://www.baltimorepetshoppe.com/,pet,PHL,41,decayed,0.91,54,nurture,low-cost touch only,0,Bad site but opportunity 54 < build floor 55 — not worth a build slot
osm:node/343293806,Prohibition Taproom,http://theprohibitiontaproom.com/,pub,PHL,70,unconfirmed,0.91,35,verify,undecided — needs a rendered audit,0,"Run Tier 1 (rendered) audit: no markup faults found, but design was never seen"
osm:node/566683522,Spring Garden Pizza & Restaurant,https://www.springgardenpizza.com/,restaurant,PHL,66,dated,0.91,45,polish,landing page + CRO engagement,0,"Pitch a single high-intent landing page, not a full rebuild — their site is decent"
osm:node/649984275,Ants Pants Cafe,https://www.antspantscafe.com/,cafe,PHL,64,dated,0.91,45,polish,landing page + CRO engagement,0,"Pitch a single high-intent landing page, not a full rebuild — their site is decent"
osm:node/655417201,Saxbys,https://www.saxbyscoffee.com/,cafe,PHL,62,dated,0.91,38,polish,landing page + CRO engagement,0,"Pitch a single high-intent landing page, not a full rebuild — their site is decent"
osm:node/1033918289,Almaz Cafe,https://almazcafes.com/,cafe,PHL,54,dated,0.91,51,nurture,low-cost touch only,0,Bad site but opportunity 51 < build floor 55 — not worth a build slot
